"PROJECT: DOHA OASIS MIXED USE DEVELOPMENT, DOHA - QATAR",,,,,,,,,,,,,,,,,,,,,,,,,,,,,,,,,,,,,,,,,,,,,,,,,,,,,,,,
GEN. STATUS OF MATERIALS,,,,,,,,,,,,,,,,,,,,,,,,,,,,,,,,,,,,,,,,,,,,,,,,,,,,,,,,
3-Jan-18,,,,,,,,,,,,,,,,,,,,,,,,,,,,,,,,,,,,,,,,,,,,,,,,,,,,,,,,
,,,,,,,,,,,,,,,,,,,,,,,,,,,,,,Material Schedule,,,,Enquiry Issue,,Quote Receive,,Evaluation,,,Submittal,,Approval,,Order Release,,Purchase Order,,Delivery,,,Required on Site,,Lead Time,,

1,EL-EQ,LL,1,2,1.1.1,Equipment,Close,"LV SWITCHGEAR (MDB, ACB, SMDB, DB, MCC, PFCU, FP \& RMU)",6301.00,,"23,022,213",0 ,"23,022,213","22,500,000","23,022,213.00","23,022,839.00 ",-626.00 ,"13,009,278.33 ",57\%," 10,013,560.67 ","522,212.80 ",2.27\%,-0.20 ,0\%,AGS,SCHNEIDER,,N,\#VALUE!,24-Mar-16,13,9-Apr-16,15-Jan,31-Mar-16,14-May-16,14-Apr-16,20-Jun-16,17-Apr-16,8-Aug-16,,1-May-16,20-Aug-16,5-Jun-16,,9-Jun-16,19-Sep-16,12-Jun-16,27-Sep-16,25-Sep-16,,,2-Oct-16,,105,14,1
2,EL-EQ,LL,1,,,Equipment,,POWER FACTOR,6301.00,,"1,563,839",0 ,"1,563,839","1,563,839","1,563,839.00","1,563,839.00 ",0.00 ,,0\%," 1,563,839.00 ",0.29 ,0.00\%,0.00 ,0\%,,,,,,,,,,,,,,,,,,,,,,,,,,,,,,,,
3,EL-EQ,LL,,,,Equipment,,Variations,6301.00,,"3,500,000",0 ,"3,500,000","3,500,000","3,500,000.00","3,500,000.00 ",0.00 ,,,,,,0.00 ,,,,,,,,,,,,,,,,,,,,,,,,,,,,,,,,,
4,EL-EQ,LL,,,,Equipment,,Blockade Costs,6301.00,,"2,441,337",0 ,"2,441,337","2,441,337","2,441,337.00","2,441,337.00 ",0.00 ,,,,,,0.00 ,0.00 ,,,,,,,,,,,,,,,,,,,,,,,,,,,,,,,,
5,EL-EQ,LL,1,2,1.1.2,Equipment,Close,DIESEL GENERATORS,6600.00,,"14,220,500","750,000 ","14,970,500","12,864,406","14,893,531.71","14,092,898.25 ","800,633.47 ","12,872,286.00 ",91\%," 1,220,612.25 ","2,106,094.00 ",14.07\%,"76,968.29 ",1\%,AL BAHAR,CATERPILLAR,,N,\#VALUE!,10-Mar-16,11,22-Sep-15,39,17-Mar-16,23-Sep-15,31-Mar-16,9-Oct-16,3-Apr-16,28-Apr-16,,17-Apr-16,11-May-16,22-May-16,19-May-16,26-May-16,9-Jun-16,29-May-16,28-Jun-16,25-Sep-16,4-Dec-16,,2-Oct-16,16-Nov-16,119,12,5
6,EL-EQ,TF,1,3,1.1.3,Equipment,Close,UPS,6650.00,,"6,814,188","2,000,000 ","8,814,188","7,116,000","7,814,188.00","6,636,989.41 ","1,177,198.59 ","2,747,489.41 ",41\%," 3,889,500.00 ","1,698,188.20 ",19.27\%,"1,000,000.20 ",11\%,,,"Including - VO 4,000,000 for Ni-Cad BU-001",N,\#VALUE!,7-Apr-16,15,30-Apr-16,18,14-Apr-16,3-May-16,28-Apr-16,,1-May-16,31-May-16,,15-May-16,27-Jun-16,19-Jun-16,,23-Jun-16,,26-Jun-16,,25-Sep-16,,,2-Oct-16,,91,8,5
7,EL-EQ,LL,1,2,1.1.4,Equipment,Close,MV SWITCHGEAR,6701.00,,"7,109,017",0 ,"7,109,017","8,464,255","8,662,017.30","8,658,834.98 ","3,182.32 ","8,173,403.14 ",94\%," 485,431.84 ","-1,355,238.41 ",-19.06\%,"-1,553,000.26 ",-22\%,SIEMENS,SIEMENS,,N,\#VALUE!,3-Mar-16,10,23-Apr-16,17,10-Mar-16,5-May-16,24-Mar-16,16-May-16,27-Mar-16,17-May-16,,10-Apr-16,27-Jun-16,15-May-16,11-Jul-16,19-May-16,14-Jul-16,22-May-16,14-Jul-16,25-Sep-16,20-Dec-16,,2-Oct-16,,126,14,4
8,EL-EQ*,,1,,,Equipment,,M SWITCHGEAR: Substation 10,6701.10,, -   ,"1,056,378 ","1,056,378","1,056,378","1,056,378.00","1,036,623.39 ","19,754.61 ",,0\%," 1,036,623.39 ",0.00 ,0.00\%,0.00 ,0\%,,,,,\#VALUE!,\#\#\#\#\#\#\#\#\#\#\#\#\#\#\#\#\#\#\#\#\#\#\#\#\#\#\#\#\#\#\#\#\#\#\#\#\#\#\#\#\#\#\#\#\#\#\#\#\#\#\#\#\#\#\#\#\#\#\#\#\#\#\#\#\#\#\#\#\#\#\#\#\#\#\#\#\#\#\#\#\#\#\#\#\#\#\#\#\#\#\#\#\#\#\#\#\#\#\#\#\#\#\#\#\#\#\#\#\#\#\#\#\#\#\#\#\#\#\#\#\#\#\#\#\#\#\#\#\#\#\#\#\#\#\#\#\#\#\#\#\#\#\#\#\#\#\#\#\#\#\#\#\#\#\#\#\#\#\#\#\#\#\#\#\#\#\#\#\#\#\#\#\#\#\#\#\#\#\#\#\#\#\#\#\#\#\#\#\#\#\#\#\#\#\#\#\#\#\#\#\#\#\#\#\#\#\#\#\#\#\#\#\#\#\#\#\#\#\#\#\#\#\#\#\#\#\#\#\#\#\#\#\#\#\#\#\#\#\#\#\#\#\#\#\#\#\#\#\#\#\#\#\#\#\#,\#NUM!,,,\#\#\#\#\#\#\#\#\#\#\#\#\#\#\#\#\#\#\#\#\#\#\#\#\#\#\#\#\#\#\#\#\#\#\#\#\#\#\#\#\#\#\#\#\#\#\#\#\#\#\#\#\#\#\#\#\#\#\#\#\#\#\#\#\#\#\#\#\#\#\#\#\#\#\#\#\#\#\#\#\#\#\#\#\#\#\#\#\#\#\#\#\#\#\#\#\#\#\#\#\#\#\#\#\#\#\#\#\#\#\#\#\#\#\#\#\#\#\#\#\#\#\#\#\#\#\#\#\#\#\#\#\#\#\#\#\#\#\#\#\#\#\#\#\#\#\#\#\#\#\#\#\#\#\#\#\#\#\#\#\#\#\#\#\#\#\#\#\#\#\#\#\#\#\#\#\#\#\#\#\#\#\#\#\#\#\#\#\#\#\#\#\#\#\#\#\#\#\#\#\#\#\#\#\#\#\#\#\#\#\#\#\#\#\#\#\#\#\#\#\#\#\#\#\#\#\#\#\#\#\#\#\#\#\#\#\#\#\#\#\#\#\#\#\#\#\#\#\#\#\#\#\#\#\#,,,,,,,,,,,,,,,,,,,,,,
9,EL-EQ,LL,1,2,1.1.5,Equipment,Close,TRANSFORMERS,6707.00,,"4,859,762",,"4,859,762","5,934,953","5,538,905.79","5,527,922.30 ","10,983.49 ","5,334,466.69 ",97\%," 193,455.61 ","-1,075,191.45 ",-22.12\%,"-679,143.84 ",-14\%,SCHNEIDER,SCHNIEIDER,,N,\#VALUE!,17-Mar-16,12,25-Sep-15,39,24-Mar-16,26-Sep-15,7-Apr-16,8-Oct-15,10-Apr-16,4-Feb-16,,24-Apr-16,21-May-16,29-May-16,25-May-16,2-Jun-16,11-Jun-16,5-Jun-16,13-Jun-16,25-Sep-16,30-Nov-16,,2-Oct-16,16-Oct-16,112,12,4
10,EL.*,,1,,,Equipment,,BA 12 - TRANSFORMERS FOR SUBSTATION 10,6707.10,, -   ,"775,333 ","775,333","773,095","775,333.21","758,549.11 ",0.00 ,"775,333.21 ",102\%," (16,784.10)","2,238.00 ",0.29\%,-0.21 ,0\%,,,,,\#VALUE!,\#\#\#\#\#\#\#\#\#\#\#\#\#\#\#\#\#\#\#\#\#\#\#\#\#\#\#\#\#\#\#\#\#\#\#\#\#\#\#\#\#\#\#\#\#\#\#\#\#\#\#\#\#\#\#\#\#\#\#\#\#\#\#\#\#\#\#\#\#\#\#\#\#\#\#\#\#\#\#\#\#\#\#\#\#\#\#\#\#\#\#\#\#\#\#\#\#\#\#\#\#\#\#\#\#\#\#\#\#\#\#\#\#\#\#\#\#\#\#\#\#\#\#\#\#\#\#\#\#\#\#\#\#\#\#\#\#\#\#\#\#\#\#\#\#\#\#\#\#\#\#\#\#\#\#\#\#\#\#\#\#\#\#\#\#\#\#\#\#\#\#\#\#\#\#\#\#\#\#\#\#\#\#\#\#\#\#\#\#\#\#\#\#\#\#\#\#\#\#\#\#\#\#\#\#\#\#\#\#\#\#\#\#\#\#\#\#\#\#\#\#\#\#\#\#\#\#\#\#\#\#\#\#\#\#\#\#\#\#\#\#\#\#\#\#\#\#\#\#\#\#\#\#\#\#,\#NUM!,,,\#\#\#\#\#\#\#\#\#\#\#\#\#\#\#\#\#\#\#\#\#\#\#\#\#\#\#\#\#\#\#\#\#\#\#\#\#\#\#\#\#\#\#\#\#\#\#\#\#\#\#\#\#\#\#\#\#\#\#\#\#\#\#\#\#\#\#\#\#\#\#\#\#\#\#\#\#\#\#\#\#\#\#\#\#\#\#\#\#\#\#\#\#\#\#\#\#\#\#\#\#\#\#\#\#\#\#\#\#\#\#\#\#\#\#\#\#\#\#\#\#\#\#\#\#\#\#\#\#\#\#\#\#\#\#\#\#\#\#\#\#\#\#\#\#\#\#\#\#\#\#\#\#\#\#\#\#\#\#\#\#\#\#\#\#\#\#\#\#\#\#\#\#\#\#\#\#\#\#\#\#\#\#\#\#\#\#\#\#\#\#\#\#\#\#\#\#\#\#\#\#\#\#\#\#\#\#\#\#\#\#\#\#\#\#\#\#\#\#\#\#\#\#\#\#\#\#\#\#\#\#\#\#\#\#\#\#\#\#\#\#\#\#\#\#\#\#\#\#\#\#\#\#\#\#,,,,,,,,,,,,,,,,,,,,,,
11,EL-CA,SF,2,3,1.2.1,Cables,Close,MV CABLES,6201.00,,"1,903,157",0 ,"1,903,157","1,473,402","1,735,929.71","1,735,929.71 ",0.00 ,"1,622,010.66 ",93\%," 113,919.05 ","429,754.80 ",22.58\%,"167,227.09 ",9\%,EL SEWEDI,EL SEWEDI,,N,\#VALUE!,15-Apr-16,16,,0,22-Apr-16,8-Oct-15,6-May-16,18-Oct-15,9-May-16,21-Oct-15,,23-May-16,2-Feb-16,27-Jun-16,4-Jun-16,1-Jul-16,27-Sep-16,4-Jul-16,,3-Oct-16,,,10-Oct-16,,91,12,1
12,EL-CA,SF,2,3,1.2.2,Cables,Close,MV TERMINATIONS,6211.00,,"175,000",0 ,"175,000","22,375","322,375.00","191,579.39 ","130,795.61 ",0.00 ,0\%," 191,579.39 ","152,625.00 ",87.21\%,"-147,375.00 ",-84\%,ALCO,TYCO,,N,\#VALUE!,22-Apr-16,17,,0,29-Apr-16,12-Oct-15,13-May-16,25-Jan-16,16-May-16,25-Jan-16,,30-May-16,27-Feb-16,4-Jul-16,,8-Jul-16,,11-Jul-16,,3-Oct-16,,,10-Oct-16,,84,8,4
13,EL-CA,SF,2,3,1.2.3,Cables,Close,LV CABLES (LSF),6221.00,,"12,986,293","5,000,000 ","17,986,293","9,254,342","18,189,179.73","10,224,844.45 ","7,964,335.28 ","11,251,282.66 ",110\%," (1,026,438.21)","8,731,950.79 ",48.55\%,"-202,886.53 ",-1\%,DUCAB,DUCAB,,N,\#VALUE!,22-Jan-16,4,,0,29-Jan-16,3-Nov-15,12-Feb-16,20-Jan-16,15-Feb-16,21-Jan-16,,29-Feb-16,31-Jan-16,4-Apr-16,29-Feb-16,8-Apr-16,13-Aug-16,11-Apr-16,23-May-16,11-Jul-16,,30-Aug-16,18-Jul-16,,91,12,1
14,EL-CA,,2,,,,,BA 03 - Consumables transferred to 9601,6221.00,,,"-125,000 ","-125,000",,,,0.00 ,,0.0, -   ,"-125,000.00 ",,"-125,000.00 ",,,,,,\#VALUE!,\#\#\#\#\#\#\#\#\#\#\#\#\#\#\#\#\#\#\#\#\#\#\#\#\#\#\#\#\#\#\#\#\#\#\#\#\#\#\#\#\#\#\#\#\#\#\#\#\#\#\#\#\#\#\#\#\#\#\#\#\#\#\#\#\#\#\#\#\#\#\#\#\#\#\#\#\#\#\#\#\#\#\#\#\#\#\#\#\#\#\#\#\#\#\#\#\#\#\#\#\#\#\#\#\#\#\#\#\#\#\#\#\#\#\#\#\#\#\#\#\#\#\#\#\#\#\#\#\#\#\#\#\#\#\#\#\#\#\#\#\#\#\#\#\#\#\#\#\#\#\#\#\#\#\#\#\#\#\#\#\#\#\#\#\#\#\#\#\#\#\#\#\#\#\#\#\#\#\#\#\#\#\#\#\#\#\#\#\#\#\#\#\#\#\#\#\#\#\#\#\#\#\#\#\#\#\#\#\#\#\#\#\#\#\#\#\#\#\#\#\#\#\#\#\#\#\#\#\#\#\#\#\#\#\#\#\#\#\#\#\#\#\#\#\#\#\#\#\#\#\#\#\#\#\#,\#NUM!,,,\#\#\#\#\#\#\#\#\#\#\#\#\#\#\#\#\#\#\#\#\#\#\#\#\#\#\#\#\#\#\#\#\#\#\#\#\#\#\#\#\#\#\#\#\#\#\#\#\#\#\#\#\#\#\#\#\#\#\#\#\#\#\#\#\#\#\#\#\#\#\#\#\#\#\#\#\#\#\#\#\#\#\#\#\#\#\#\#\#\#\#\#\#\#\#\#\#\#\#\#\#\#\#\#\#\#\#\#\#\#\#\#\#\#\#\#\#\#\#\#\#\#\#\#\#\#\#\#\#\#\#\#\#\#\#\#\#\#\#\#\#\#\#\#\#\#\#\#\#\#\#\#\#\#\#\#\#\#\#\#\#\#\#\#\#\#\#\#\#\#\#\#\#\#\#\#\#\#\#\#\#\#\#\#\#\#\#\#\#\#\#\#\#\#\#\#\#\#\#\#\#\#\#\#\#\#\#\#\#\#\#\#\#\#\#\#\#\#\#\#\#\#\#\#\#\#\#\#\#\#\#\#\#\#\#\#\#\#\#\#\#\#\#\#\#\#\#\#\#\#\#\#\#\#\#,,,,,,,,,,,,,,,,,,,,,,
15,EL-CA,SF,2,3,1.2.4,Cables,Close,LV CABLES (FIRE RATED) ,6221.20,,"10,329,593","500,000 ","10,829,593","4,760,331","11,255,630.47","11,255,630.47 ",0.00 ,0.00 ,0\%," 11,255,630.47 ","6,069,261.52 ",56.04\%,"-426,037.77 ",-4\%,DUCAB,DUCAB,,N,\#VALUE!,1-Jan-16,1,3-Feb-16,6,8-Jan-16,3-Oct-16,22-Jan-16,8-Feb-16,25-Jan-16,8-Feb-16,,8-Feb-16,31-Jan-16,14-Mar-16,29-Feb-16,18-Mar-16,13-Aug-16,21-Mar-16,,11-Jul-16,,,18-Jul-16,,112,12,4
16,EL-CA,,2,,,,,BA 03 - Consumables transferred to 9601,6221.20,,,"-125,000 ","-125,000",,,,0.00 ,,0.0, -   ,"-125,000.00 ",,"-125,000.00 ",,,,,,\#VALUE!,\#\#\#\#\#\#\#\#\#\#\#\#\#\#\#\#\#\#\#\#\#\#\#\#\#\#\#\#\#\#\#\#\#\#\#\#\#\#\#\#\#\#\#\#\#\#\#\#\#\#\#\#\#\#\#\#\#\#\#\#\#\#\#\#\#\#\#\#\#\#\#\#\#\#\#\#\#\#\#\#\#\#\#\#\#\#\#\#\#\#\#\#\#\#\#\#\#\#\#\#\#\#\#\#\#\#\#\#\#\#\#\#\#\#\#\#\#\#\#\#\#\#\#\#\#\#\#\#\#\#\#\#\#\#\#\#\#\#\#\#\#\#\#\#\#\#\#\#\#\#\#\#\#\#\#\#\#\#\#\#\#\#\#\#\#\#\#\#\#\#\#\#\#\#\#\#\#\#\#\#\#\#\#\#\#\#\#\#\#\#\#\#\#\#\#\#\#\#\#\#\#\#\#\#\#\#\#\#\#\#\#\#\#\#\#\#\#\#\#\#\#\#\#\#\#\#\#\#\#\#\#\#\#\#\#\#\#\#\#\#\#\#\#\#\#\#\#\#\#\#\#\#\#\#\#,\#NUM!,,,\#\#\#\#\#\#\#\#\#\#\#\#\#\#\#\#\#\#\#\#\#\#\#\#\#\#\#\#\#\#\#\#\#\#\#\#\#\#\#\#\#\#\#\#\#\#\#\#\#\#\#\#\#\#\#\#\#\#\#\#\#\#\#\#\#\#\#\#\#\#\#\#\#\#\#\#\#\#\#\#\#\#\#\#\#\#\#\#\#\#\#\#\#\#\#\#\#\#\#\#\#\#\#\#\#\#\#\#\#\#\#\#\#\#\#\#\#\#\#\#\#\#\#\#\#\#\#\#\#\#\#\#\#\#\#\#\#\#\#\#\#\#\#\#\#\#\#\#\#\#\#\#\#\#\#\#\#\#\#\#\#\#\#\#\#\#\#\#\#\#\#\#\#\#\#\#\#\#\#\#\#\#\#\#\#\#\#\#\#\#\#\#\#\#\#\#\#\#\#\#\#\#\#\#\#\#\#\#\#\#\#\#\#\#\#\#\#\#\#\#\#\#\#\#\#\#\#\#\#\#\#\#\#\#\#\#\#\#\#\#\#\#\#\#\#\#\#\#\#\#\#\#\#\#\#,,,,,,,,,,,,,,,,,,,,,,
17,EL-CA,SF,2,3,1.2.5,Cables,Close,LV TERMINATION,6235.00,,"255,000","150,000 ","405,000","59,447","718,121.42","718,121.42 ",0.00 ,"174,905.48 ",24\%," 543,215.94 ","345,552.68 ",85.32\%,"-313,121.42 ",-77\%,TRADE HOUSE,KOMPRESS,,N,\#VALUE!,26-Feb-16,9,,0,4-Mar-16,21-Sep-15,18-Mar-16,30-Sep-15,21-Mar-16,30-Sep-15,,4-Apr-16,12-Nov-15,9-May-16,22-Nov-15,13-May-16,,16-May-16,,11-Jul-16,,,18-Jul-16,,56,4,4
18,EL-CA,SF,2,3,1.2.6,Cables,Close,LV TERMINATION (FIRE RATED),6235.20,,"250,000",0 ,"250,000",0,0.00,0.00 ,0.00 ,"907,003.29 ",0.0," (907,003.29)","250,000.00 ",100.00\%,"250,000.00 ",100\%,TRADE HOUSE,CMP,,N,\#VALUE!,29-Jan-16,5,,0,5-Feb-16,21-Sep-15,19-Feb-16,30-Sep-15,22-Feb-16,30-Sep-15,,7-Mar-16,17-Nov-15,11-Apr-16,5-Dec-15,15-Apr-16,,18-Apr-16,,11-Jul-16,,,18-Jul-16,,84,8,4
19,EL-CA,SF,2,3,1.2.7,Cables,Close,LV WIRES,6245.00,,"5,025,464","1,000,000 ","6,025,464","1,403,957","3,990,000.00","7,248,072.80 ","-3,258,072.80 ","4,537,062.35 ",63\%," 2,711,010.45 ","4,621,507.00 ",76.70\%,"2,035,464.35 ",34\%,DUCAB,DUCAB,,N,\#VALUE!,4-Sep-15,36,3-Feb-16,6,11-Sep-15,4-Feb-16,25-Sep-15,11-Feb-16,28-Sep-15,28-Feb-16,,12-Oct-15,8-Feb-16,16-Nov-15,29-Feb-16,20-Nov-15,18-May-16,23-Nov-15,27-May-16,15-Feb-16,30-Jun-16,15-Aug-16,22-Feb-16,,84,8,4
20,EL-CA,SF,2,3,1.2.8,Cables,Close,MICC CABLES \& ACCESSORIES,6275.00,,"500,000",0 ,"500,000","207,545","1,000,000.00","922,395.10 ","77,604.90 ","860,607.80 ",93\%," 61,787.30 ","292,454.60 ",58.49\%,"-500,000.00 ",-100\%,JBK,PYROTENAX,,N,\#VALUE!,4-Sep-15,36,,0,11-Sep-15,21-Sep-15,25-Sep-15,1-Oct-15,28-Sep-15,1-Oct-15,,12-Oct-15,8-Dec-15,16-Nov-15,20-Dec-15,20-Nov-15,22-Aug-16,23-Nov-15,,15-Feb-16,,,22-Feb-16,,84,8,4
21,EL-CA,SF,2,2,1.5.2,SUB-EL,Close,FIRE RATED CABLES (FP200) FOR CBS,6225.10,,"1,150,220",0 ,"1,150,220","355,650","1,137,240.00","1,137,240.00 ",0.00 ,"6,286,316.98 ",553\%," (5,149,076.98)","794,570.00 ",69.08\%,"12,980.00 ",1\%,ZEEMAN,DDRAKA,,N,\#REF!,6-Dec-15,50,23-May-16,22,13-Dec-15,25-May-16,27-Dec-15,6-Jun-16,30-Dec-15,11-Jun-16,,13-Jan-16,21-Jul-16,17-Feb-16,,21-Feb-16,8-Nov-16,24-Feb-16,23-Nov-16,18-May-16,,,25-May-16,,84,8,4
22,EL-CA,SF,2,2,1.5.3,SUB-EL,close,FIRE RATED CABLES (FP200) FOR FAS \& PAVA,6225.20,,"2,679,243","-2,679,243 ",-1,0,0.00,0.00 ,0.00 ,0.00 ,0.0, -   ,-0.50 ,100.00\%,-0.50 ,100\%,,,PART OF FA,N,\#REF!,6-Dec-15,50,,0,13-Dec-15,,27-Dec-15,,30-Dec-15,,,13-Jan-16,,17-Feb-16,,21-Feb-16,,24-Feb-16,,18-May-16,,,25-May-16,,84,8,4
23,EL-CO,FF,3,1,1.3.1,Containment,Close,PVC CONDUITS \& ACCESSORIES,6101.00,,"2,791,000",0 ,"2,791,000",0,"3,091,000.00","1,774,093.37 ","1,316,906.63 ","1,448,426.45 ",82\%," 325,666.92 ","2,791,000.00 ",100.00\%,"-300,000.00 ",-11\%,DALLAS TRADING,DECODUCT,,N,\#VALUE!,9-Jul-15,28,,0,16-Jul-15,,30-Jul-15,,2-Aug-15,10-Dec-16,,16-Aug-15,25-Jan-15,20-Sep-15,27-Jan-15,24-Sep-15,30-Aug-15,27-Sep-15,1-Sep-15,1-Nov-15,3-Sep-15,,8-Nov-15,,35,4,1
24,EL-CO,SF,3,1,1.3.2,Containment,Close,GI CONDUITS \& ACCESS,6131.00,,"4,200,000","2,000,000 ","6,200,000","3,400,368","8,460,955.30","8,462,695.30 ","-1,740.00 ","7,529,882.97 ",89\%," 932,812.33 ","2,799,632.00 ",45.16\%,"-2,260,955.30 ",-36\%,AL HATHBOUR ETR.,BARTON,,N,\#VALUE!,21-May-15,21,,0,28-May-15,9-Sep-15,11-Jun-15,22-Sep-15,14-Jun-15,22-Sep-15,,28-Jun-15,12-Dec-15,2-Aug-15,28-Dec-15,6-Aug-15,25-Jan-16,9-Aug-15,28-Jan-16,1-Nov-15,28-Feb-15,26-Apr-16,8-Nov-15,,84,8,4
25,EL-CO,,3,,,,,BA 03 - Consumables transferred to 9601,6131.00,,,"-150,000 ","-150,000",,,,0.00 ,,0.0, -   ,"-150,000.00 ",1.00 ,"-150,000.00 ",1.00 ,,,,,\#VALUE!,\#\#\#\#\#\#\#\#\#\#\#\#\#\#\#\#\#\#\#\#\#\#\#\#\#\#\#\#\#\#\#\#\#\#\#\#\#\#\#\#\#\#\#\#\#\#\#\#\#\#\#\#\#\#\#\#\#\#\#\#\#\#\#\#\#\#\#\#\#\#\#\#\#\#\#\#\#\#\#\#\#\#\#\#\#\#\#\#\#\#\#\#\#\#\#\#\#\#\#\#\#\#\#\#\#\#\#\#\#\#\#\#\#\#\#\#\#\#\#\#\#\#\#\#\#\#\#\#\#\#\#\#\#\#\#\#\#\#\#\#\#\#\#\#\#\#\#\#\#\#\#\#\#\#\#\#\#\#\#\#\#\#\#\#\#\#\#\#\#\#\#\#\#\#\#\#\#\#\#\#\#\#\#\#\#\#\#\#\#\#\#\#\#\#\#\#\#\#\#\#\#\#\#\#\#\#\#\#\#\#\#\#\#\#\#\#\#\#\#\#\#\#\#\#\#\#\#\#\#\#\#\#\#\#\#\#\#\#\#\#\#\#\#\#\#\#\#\#\#\#\#\#\#\#\#,\#NUM!,,,\#\#\#\#\#\#\#\#\#\#\#\#\#\#\#\#\#\#\#\#\#\#\#\#\#\#\#\#\#\#\#\#\#\#\#\#\#\#\#\#\#\#\#\#\#\#\#\#\#\#\#\#\#\#\#\#\#\#\#\#\#\#\#\#\#\#\#\#\#\#\#\#\#\#\#\#\#\#\#\#\#\#\#\#\#\#\#\#\#\#\#\#\#\#\#\#\#\#\#\#\#\#\#\#\#\#\#\#\#\#\#\#\#\#\#\#\#\#\#\#\#\#\#\#\#\#\#\#\#\#\#\#\#\#\#\#\#\#\#\#\#\#\#\#\#\#\#\#\#\#\#\#\#\#\#\#\#\#\#\#\#\#\#\#\#\#\#\#\#\#\#\#\#\#\#\#\#\#\#\#\#\#\#\#\#\#\#\#\#\#\#\#\#\#\#\#\#\#\#\#\#\#\#\#\#\#\#\#\#\#\#\#\#\#\#\#\#\#\#\#\#\#\#\#\#\#\#\#\#\#\#\#\#\#\#\#\#\#\#\#\#\#\#\#\#\#\#\#\#\#\#\#\#\#\#,,,,,,,,,,,,,,,,,,,,,,
26,EL-CO,SF,3,1,1.3.3,Containment,Close,FLEXIBLE METALLIC CONDUITS,6132.00,,"600,000",0 ,"600,000","141,314","1,603,209.20","1,603,209.20 ",0.00 ,"1,254,425.20 ",78\%," 348,784.00 ","458,686.10 ",76.45\%,"-1,003,209.20 ",-167\%,TRADE HOUSE,KOPEX,,N,\#VALUE!,2-May-16,19,,0,9-May-16,26-Sep-15,23-May-16,25-Oct-15,26-May-16,25-Oct-15,,9-Jun-16,27-Jan-16,14-Jul-16,10-Feb-16,18-Jul-16,1-Sep-16,21-Jul-16,8-Sep-16,13-Oct-16,,,20-Oct-16,,84,8,4
27,EL-CO,FF,3,1,1.3.4,Containment,Close,FLUSH METAL BACKBOXES,6133.00,,"400,000",0 ,"400,000",0,"600,000.00","183,208.20 ","416,791.80 ","330,982.95 ",181\%," (147,774.75)","400,000.00 ",100.00\%,"-200,000.00 ",-50\%,DALLAS TRADING,DECODUCT,,N,\#VALUE!,16-Jul-15,29,,0,23-Jul-15,,6-Aug-15,,9-Aug-15,10-Dec-16,,23-Aug-15,,27-Sep-15,,1-Oct-15,28-Apr-16,4-Oct-15,3-May-16,1-Nov-15,10-May-16,,8-Nov-15,,28,3,1
28,EL-CO,SF,3,1,1.3.5,Containment,Close,CABLE TRUNKING,6151.00,,"2,500,000","700,000 ","3,200,000","2,052,941","4,000,000.00","3,833,468.77 ","166,531.23 ","2,953,197.55 ",77\%," 880,271.22 ","1,147,059.00 ",35.85\%,"-800,000.00 ",-25\%,MANNAI,OBO BETTERMAN,,N,\#VALUE!,15-Jul-15,29,,0,22-Jul-15,12-Nov-15,5-Aug-15,30-Nov-15,8-Aug-15,2-Dec-15,,22-Aug-15,14-Dec-15,26-Sep-15,28-Dec-15,30-Sep-15,20-Jan-16,3-Oct-15,2-Feb-16,21-Nov-15,15-Mar-16,,28-Nov-15,,49,6,1
29,EL-CO,,3,,,,,BA 03 - Consumables transferred to 9601,6151.00,,,"-200,000 ","-200,000",,,,0.00 ,,0.0, -   ,"-200,000.00 ",1.00 ,"-200,000.00 ",1.00 ,,,,,\#VALUE!,\#\#\#\#\#\#\#\#\#\#\#\#\#\#\#\#\#\#\#\#\#\#\#\#\#\#\#\#\#\#\#\#\#\#\#\#\#\#\#\#\#\#\#\#\#\#\#\#\#\#\#\#\#\#\#\#\#\#\#\#\#\#\#\#\#\#\#\#\#\#\#\#\#\#\#\#\#\#\#\#\#\#\#\#\#\#\#\#\#\#\#\#\#\#\#\#\#\#\#\#\#\#\#\#\#\#\#\#\#\#\#\#\#\#\#\#\#\#\#\#\#\#\#\#\#\#\#\#\#\#\#\#\#\#\#\#\#\#\#\#\#\#\#\#\#\#\#\#\#\#\#\#\#\#\#\#\#\#\#\#\#\#\#\#\#\#\#\#\#\#\#\#\#\#\#\#\#\#\#\#\#\#\#\#\#\#\#\#\#\#\#\#\#\#\#\#\#\#\#\#\#\#\#\#\#\#\#\#\#\#\#\#\#\#\#\#\#\#\#\#\#\#\#\#\#\#\#\#\#\#\#\#\#\#\#\#\#\#\#\#\#\#\#\#\#\#\#\#\#\#\#\#\#\#\#,\#NUM!,,,\#\#\#\#\#\#\#\#\#\#\#\#\#\#\#\#\#\#\#\#\#\#\#\#\#\#\#\#\#\#\#\#\#\#\#\#\#\#\#\#\#\#\#\#\#\#\#\#\#\#\#\#\#\#\#\#\#\#\#\#\#\#\#\#\#\#\#\#\#\#\#\#\#\#\#\#\#\#\#\#\#\#\#\#\#\#\#\#\#\#\#\#\#\#\#\#\#\#\#\#\#\#\#\#\#\#\#\#\#\#\#\#\#\#\#\#\#\#\#\#\#\#\#\#\#\#\#\#\#\#\#\#\#\#\#\#\#\#\#\#\#\#\#\#\#\#\#\#\#\#\#\#\#\#\#\#\#\#\#\#\#\#\#\#\#\#\#\#\#\#\#\#\#\#\#\#\#\#\#\#\#\#\#\#\#\#\#\#\#\#\#\#\#\#\#\#\#\#\#\#\#\#\#\#\#\#\#\#\#\#\#\#\#\#\#\#\#\#\#\#\#\#\#\#\#\#\#\#\#\#\#\#\#\#\#\#\#\#\#\#\#\#\#\#\#\#\#\#\#\#\#\#\#\#\#,,,,,,,,,,,,,,,,,,,,,,
30,EL-CO,SF,3,2,1.3.6,Containment,Close,CABLE TRAY/LADDERS,6161.00,,"5,942,977","1,500,000 ","7,442,977","3,430,538","5,255,249.36","7,955,249.36 ","-2,700,000.00 ","5,216,461.21 ",66\%," 2,738,788.15 ","4,012,439.00 ",53.91\%,"2,187,727.64 ",29\%,MANNAI,OBO BETTERMAN,,N,\#VALUE!,1-Jul-15,27,,0,8-Jul-15,12-Nov-15,22-Jul-15,30-Nov-15,25-Jul-15,2-Dec-15,,8-Aug-15,27-Jan-16,12-Sep-15,10-Feb-16,16-Sep-15,20-Jan-00,19-Sep-15,31-Jan-16,21-Nov-15,15-May-16,,28-Nov-15,,63,8,1
31,EL-OT,SF,4,4,1.4.1,Other,Close,CABLE TIES,6235.30,,"75,000",0 ,"75,000","73,232","295,773.08","300,478.02 ","-4,704.94 ","87,937.33 ",29\%," 212,540.69 ","1,768.00 ",2.36\%,"-220,773.08 ",-294\%,PARTEX,PARTEX,NO MS,N,\#VALUE!,16-Oct-15,42,,0,23-Oct-15,26-Sep-15,6-Nov-15,7-Oct-11,9-Nov-15,31-Oct-15,,23-Nov-15,,28-Dec-15,,1-Jan-16,,4-Jan-16,,15-Feb-16,,,22-Feb-16,,42,5,1
32,EL-OT,TF,4,2,1.4.3,Other,Close,AIRCRAFT WARNING LIGHTS,6453.00,,"256,000",0 ,"256,000","226,840","927,097.46","882,949.96 ","44,147.50 ","606,938.00 ",69\%," 276,011.96 ","29,159.87 ",11.39\%,"-671,097.46 ",-262\%,GULF LIGHTS,DELTABOX,,N,\#VALUE!,9-Apr-16,15,4-May-16,19,16-Apr-16,10-Apr-16,30-Apr-16,16-Apr-16,3-May-16,2-May-16,,17-May-16,1-Jun-16,21-Jun-16,11-Jun-16,25-Jun-16,15-Nov-16,28-Jun-16,12-Dec-16,25-Oct-16,,,1-Nov-16,,119,12,5
33,EL-OT,LL,4,2,1.4.4,Other,Close,BUSBAR DUCT \& ACCESSORIES,6720.00,,"7,326,536",0 ,"7,326,536","4,811,527","9,579,476.33","10,324,901.33 ","-745,425.00 ","8,779,671.87 ",85\%," 1,545,229.46 ","2,515,008.94 ",34.33\%,"-2,252,940.43 ",-31\%,GAZZAOUI,TRANSLITE,,N,\#REF!,15-Jun-16,25,27-Apr-16,18,22-Jun-16,27-Apr-16,6-Jul-16,23-May-16,9-Jul-16,21-May-16,,23-Jul-16,26-Jun-16,27-Aug-16,11-Jul-16,31-Aug-16,30-Jul-16,3-Sep-16,31-Jul-16,24-Dec-16,7-Dec-16,,31-Dec-16,,112,12,4
34,EL-OT,FF,4,1,1.4.5,Other,CLOSE,GROUNDING \& LIGHTING PROTECTION,6750.00,,"1,370,878","250,000 ","1,620,878","572,724","2,381,071.46","2,373,873.10 ","7,198.36 ","1,908,678.84 ",80\%," 465,194.26 ","1,048,153.88 ",64.67\%,"-760,193.16 ",-47\%,QIE CO.,AN WALLIS,,N,\#REF!,28-May-16,22,24-May-16,22,4-Jun-16,25-May-16,18-Jun-16,6-Jun-16,21-Jun-16,9-Jun-16,,5-Jul-16,,9-Aug-16,23-May-15,13-Aug-16,27-Sep-16,16-Aug-16,12-Oct-16,25-Oct-16,,,1-Nov-16,,70,6,4
35,EL-OT,TF,4,3,1.4.7,Other,Pending,WIRING ACCESSORIES,6800.20,,"65,680",0 ,"65,680","65,680","65,680.00","64,921.10 ",758.90 ,0.00 ,0\%," 64,921.10 ",0.00 ,0.00\%,0.00 ,0\%,,,,N,\#REF!,2-May-16,19,29-May-16,23,9-May-16,23-May-16,23-May-16,31-May-16,26-May-16,,,9-Jun-16,,14-Jul-16,,18-Jul-16,,21-Jul-16,,13-Oct-16,,,20-Oct-16,,84,8,4
36,EL-OT,TF,4,3,1.4.8,Other,close,ISOLATORS SWITCHES,6802.00,,"421,325",0 ,"421,325","350,000","350,000.00","258,716.58 ","91,283.42 ","179,241.53 ",69\%," 79,475.05 ","71,325.10 ",16.93\%,"71,325.10 ",17\%,GAZZAWI,KATKO,,N,\#REF!,2-May-16,19,27-Apr-16,18,9-May-16,28-Apr-16,23-May-16,1-Jun-16,26-May-16,2-Jun-16,,9-Jun-16,26-Jun-16,14-Jul-16,30-Jun-16,18-Jul-16,,21-Jul-16,,13-Oct-16,,,20-Oct-16,,84,8,4
37,EL-OT,TF,4,3,1.4.9,Other,Close,RUBBER MATTING,6940.00,,"100,000",0 ,"100,000","60,605","60,604.58","22,111.91 ","38,492.67 ","18,989.75 ",86\%," 3,122.16 ","39,395.42 ",39.40\%,"39,395.42 ",39\%,BINAME,BINAME,NO MS,N,\#REF!,26-May-16,22,,0,2-Jun-16,14-May-16,16-Jun-16,23-May-16,19-Jun-16,23-Apr-16,,3-Jul-16,27-Jun-16,7-Aug-16,,11-Aug-16,,14-Aug-16,,25-Sep-16,,,2-Oct-16,,42,2,4
38,EL-OT,TF,4,4,1.4.10,Other,Close,IDENTIFICATION OF SERVICES - ELC,8450.30,, -   ,0 ,0,"18,744","318,744.00","36,410.00 ","282,334.00 ",0.00 ,0\%," 36,410.00 ","-18,744.00 ",0.0,"-318,744.00 ",0\%,,,NO MS,N,\#REF!,20-Jun-16,26,,0,27-Jun-16,,11-Jul-16,,14-Jul-16,10-Nov-16,,28-Jul-16,,1-Sep-16,,5-Sep-16,,8-Sep-16,,13-Oct-16,,,20-Oct-16,,35,4,1
,,,,,,,,,,,,,,,,,,,,,,,,,,,,,,,,,,,,,,,,,,,,,,,,,,,,,,,,
A,SUBTOTAL  A,,,,,,,Subtotal EL.,,,"124,834,222","12,402,468","137,236,690","98,955,828","144,605,080.11","138,749,932","5,855,148","98,866,280",0.0,"33,942,315","38,280,863",0.0,"-7,368,390",,,,,,\#REF!,,,,,,,,,,,,,,,,,,,,,,,,,,,
,,,,,,,,,,,,,,,,,0.00 ,,0.0, -   ,0.00 ,0.00 ,0.00 ,,,,,,\#REF!,,,,,,,,,,,,,,,,,,,,,,,,,,,
39,HVAC-EQ,TF,6,2,2.1.1,Equipment,Close,HVAC WATER TREATMENT,2080.00,,"195,925",0 ,"195,925","397,761","589,619.00","589,619.00 ",0.00 ,"409,860.00 ",70\%," 179,759.00 ","-201,835.88 ",-103.02\%,"-393,694.00 ",-201\%,GULLIGAN,GULLIGAN,,N,\#REF!,5-Aug-16,32,21-Apr-16,17,12-Aug-16,17-Apr-16,26-Aug-16,25-Apr-16,29-Aug-16,15-May-16,,12-Sep-16,26-Jul-16,17-Oct-16,2-Aug-16,21-Oct-16,,24-Oct-16,,23-Jan-17,,,30-Jan-17,,91,8,5
40,HVAC-EQ,LL,6,2,2.1.2,Equipment,Close,PRESSURISATION SETS \& EXPANSION TANKS,2085.00,,"1,094,579",0 ,"1,094,579","45,000","345,000.00","242,298.01 ","102,701.99 ","159,688.00 ",66\%," 82,610.01 ","1,049,579.20 ",95.89\%,"749,579.20 ",68\%,CAT,TACO,,N,\#REF!,10-Feb-16,7,4-Oct-15,41,17-Feb-16,4-Oct-15,2-Mar-16,20-Oct-16,5-Mar-16,11-May-16,,19-Mar-16,24-May-16,23-Apr-16,9-Jun-16,27-Apr-16,13-Oct-16,30-Apr-16,28-Dec-16,6-Aug-16,,,13-Aug-16,,98,10,4
41,HVAC-EQ,LL,6,2,2.1.3,Equipment,Close,AIR SEPARATORS,2086.00,,"111,855",0 ,"111,855","140,000","210,000.00","191,965.00 ","18,035.00 ","191,965.00 ",100\%, -   ,"-28,145.30 ",-25.16\%,"-98,145.30 ",-88\%,CAT,TACO,,N,\#REF!,10-Feb-16,7,15-Apr-16,16,17-Feb-16,17-Apr-16,2-Mar-16,28-Apr-16,5-Mar-16,3-May-16,,19-Mar-16,16-May-16,23-Apr-16,28-Jun-16,27-Apr-16,20-Aug-16,30-Apr-16,17-Sep-16,6-Aug-16,,,13-Aug-16,,98,10,4
42,HVAC-EQ,LL,6,2,2.1.4,Equipment,Close,COOLING TOWERS,2090.00,,"2,670,728",0 ,"2,670,728","2,343,670","2,645,273.63","2,634,567.07 ","10,706.56 ","2,687,762.49 ",102\%," (53,195.42)","327,057.67 ",12.25\%,"25,454.37 ",1\%,FJ,KEVLON,,N,\#REF!,14-Aug-16,34,30-Sep-15,40,21-Aug-16,4-Oct-15,4-Sep-16,7-Nov-15,7-Sep-16,7-Nov-15,,21-Sep-16,16-May-16,26-Oct-16,31-May-16,30-Oct-16,16-Jun-16,2-Nov-16,21-Jun-16,22-Feb-17,28-Feb-17,,1-Mar-17,,112,12,4
43,HVAC-EQ,LL,6,2,2.1.5,Equipment,Close,COOLING TOWERS CLEANING SYSTEM,2090.10,,"154,706","773,532 ","928,238","728,200","728,199.99","728,000.00 ",199.99 ,0.00 ,0\%," 728,000.00 ","200,038.41 ",21.55\%,"200,038.41 ",22\%,FJ,LAKOS,,N,\#REF!,28-Aug-16,36,30-Sep-15,40,4-Sep-16,17-Apr-16,18-Sep-16,15-May-16,21-Sep-16,16-May-16,,5-Oct-16,16-May-16,9-Nov-16,29-May-16,13-Nov-16,16-Jun-16,16-Nov-16,21-Jun-16,22-Feb-17,27-Feb-17,,1-Mar-17,,98,10,4
44,HVAC-EQ,LL,6,2,2.1.6,Equipment,Close,HEAT EXCHANGERS,3020.00,,"565,245",0 ,"565,245","177,666","343,819.34","327,890.87 ","15,928.47 ",0.00 ,0\%," 327,890.87 ","387,579.01 ",68.57\%,"221,425.47 ",39\%,TRANDER,TRANDER,"Including - VO 50,000 for Hotel Changes",N,\#REF!,24-Feb-16,9,4-Oct-15,41,2-Mar-16,6-Oct-15,16-Mar-16,10-Oct-15,19-Mar-16,28-Oct-15,,2-Apr-16,21-May-16,7-May-16,29-May-16,11-May-16,,14-May-16,,6-Aug-16,,,13-Aug-16,,84,8,4
45,HVAC-EQ,LL,6,2,2.1.7,Equipment,Close,CHILLERS,5101.00,,"12,797,343",0 ,"12,797,343","11,867,000","12,517,000.00","12,415,775.00 ","101,225.00 ","12,215,774.99 ",98\%," 200,000.01 ","930,343.30 ",7.27\%,"280,343.30 ",2\%,JOHNSON CONTROL,YORK,"Including - VO 650,000 for Ceramic Coating",N,\#REF!,31-Jul-16,32,19-Sep-15,38,7-Aug-16,21-Sep-15,21-Aug-16,30-Sep-15,24-Aug-16,30-Sep-15,,7-Sep-16,18-Apr-16,12-Oct-16,25-Apr-16,16-Oct-16,,19-Oct-16,16-Jun-16,22-Feb-17,15-Nov-16,,1-Mar-17,,126,14,4
46,HVAC-EQ,LL,6,2,2.1.8,Equipment,Close,CLOSE CONTROL UNITS,5106.00,,"656,070",0 ,"656,070","663,414","663,414.00","1,917,502.92 ","-1,254,088.92 ",0.00 ,0\%," 1,917,502.92 ","-7,343.60 ",-1.12\%,"-7,343.60 ",-1\%,GSS,STULTZ,,N,\#REF!,20-Jan-16,4,10-Feb-16,7,27-Jan-16,16-Feb-16,10-Feb-16,26-Apr-16,13-Feb-16,20-Apr-16,,27-Feb-16,14-Jun-16,2-Apr-16,22-Jun-16,6-Apr-16,,9-Apr-16,,6-Aug-16,,,13-Aug-16,,119,12,5
47,HVAC-EQ,LL,6,2,2.1.9,Equipment,Close,AIR HANDLING UNITS,5110.00,,"5,214,761","300,000 ","5,514,761","5,227,012","5,324,225.87","3,894,495.45 ","1,429,730.43 ","3,716,440.91 ",95\%," 178,054.54 ","287,749.10 ",5.22\%,"190,534.93 ",3\%,MEKAR,MEKAR,"Including - VO 300,000 for Theme Park",N,\#REF!,20-Jan-16,4,26-Jan-16,5,27-Jan-16,6-Feb-16,10-Feb-16,2-May-16,13-Feb-16,29-Apr-16,,27-Feb-16,17-May-16,2-Apr-16,4-Jun-16,6-Apr-16,17-Jul-16,9-Apr-16,19-Jul-16,6-Aug-16,30-Nov-16,,13-Aug-16,,119,12,5
48,HVAC-EQ,LL,6,2,2.1.10,Equipment,Close,FAN COIL UNITS,5120.00,,"3,873,050","1,500,000 ","5,373,050","4,089,374","4,677,965.68","1,628,485.72 ","3,049,479.96 ","4,360,142.39 ",268\%," (2,731,656.67)","1,283,676.75 ",23.89\%,"695,084.72 ",13\%,MEKAR,MEKAR,,N,\#REF!,24-Feb-16,9,7-Feb-16,7,2-Mar-16,8-Feb-16,16-Mar-16,17-Feb-16,19-Mar-16,29-Mar-16,,2-Apr-16,17-May-16,7-May-16,28-May-16,11-May-16,17-Jul-16,14-May-16,18-Jul-16,6-Aug-16,30-Nov-16,,13-Aug-16,,84,8,4
49,,,6,,,,,BA 03 - Consumables transferred to 9601,5120.00,,,"-100,000 ","-100,000",,,,0.00 ,,0.0, -   ,"-100,000.00 ",100.00\%,"-100,000.00 ",100\%,,,,,\#REF!,\#\#\#\#\#\#\#\#\#\#\#\#\#\#\#\#\#\#\#\#\#\#\#\#\#\#\#\#\#\#\#\#\#\#\#\#\#\#\#\#\#\#\#\#\#\#\#\#\#\#\#\#\#\#\#\#\#\#\#\#\#\#\#\#\#\#\#\#\#\#\#\#\#\#\#\#\#\#\#\#\#\#\#\#\#\#\#\#\#\#\#\#\#\#\#\#\#\#\#\#\#\#\#\#\#\#\#\#\#\#\#\#\#\#\#\#\#\#\#\#\#\#\#\#\#\#\#\#\#\#\#\#\#\#\#\#\#\#\#\#\#\#\#\#\#\#\#\#\#\#\#\#\#\#\#\#\#\#\#\#\#\#\#\#\#\#\#\#\#\#\#\#\#\#\#\#\#\#\#\#\#\#\#\#\#\#\#\#\#\#\#\#\#\#\#\#\#\#\#\#\#\#\#\#\#\#\#\#\#\#\#\#\#\#\#\#\#\#\#\#\#\#\#\#\#\#\#\#\#\#\#\#\#\#\#\#\#\#\#\#\#\#\#\#\#\#\#\#\#\#\#\#\#\#\#,\#NUM!,,,\#\#\#\#\#\#\#\#\#\#\#\#\#\#\#\#\#\#\#\#\#\#\#\#\#\#\#\#\#\#\#\#\#\#\#\#\#\#\#\#\#\#\#\#\#\#\#\#\#\#\#\#\#\#\#\#\#\#\#\#\#\#\#\#\#\#\#\#\#\#\#\#\#\#\#\#\#\#\#\#\#\#\#\#\#\#\#\#\#\#\#\#\#\#\#\#\#\#\#\#\#\#\#\#\#\#\#\#\#\#\#\#\#\#\#\#\#\#\#\#\#\#\#\#\#\#\#\#\#\#\#\#\#\#\#\#\#\#\#\#\#\#\#\#\#\#\#\#\#\#\#\#\#\#\#\#\#\#\#\#\#\#\#\#\#\#\#\#\#\#\#\#\#\#\#\#\#\#\#\#\#\#\#\#\#\#\#\#\#\#\#\#\#\#\#\#\#\#\#\#\#\#\#\#\#\#\#\#\#\#\#\#\#\#\#\#\#\#\#\#\#\#\#\#\#\#\#\#\#\#\#\#\#\#\#\#\#\#\#\#\#\#\#\#\#\#\#\#\#\#\#\#\#\#\#,,,,,,,,,,,,,,,,,,,,,,
50,HVAC-EQ,TF,6,2,2.1.11,Equipment,Close,SPLIT DX UNITS,5125.00,,"240,882",0 ,"240,882",0,"290,882.30",0.00 ,"290,882.30 ",0.00 ,0.0, -   ,"240,882.30 ",100.00\%,"-50,000.00 ",-21\%,,,,N,\#REF!,24-Feb-16,9,26-May-16,22,2-Mar-16,28-May-16,16-Mar-16,9-Jun-16,19-Mar-16,9-Jun-16,,2-Apr-16,,7-May-16,,11-May-16,,14-May-16,,6-Aug-16,,,13-Aug-16,,84,8,4
51,HVAC-EQ,TF,6,2,2.1.12,Equipment,Close,HEAT RECOVERY COILS,5145.10,,"76,741",0 ,"76,741",0,0.00,0.00 ,0.00 ,0.00 ,0.0, -   ,"76,741.20 ",100.00\%,"76,741.20 ",100\%,,,PART OF AHU,N,\#REF!,24-Feb-16,9,,0,2-Mar-16,,16-Mar-16,,19-Mar-16,,,2-Apr-16,,7-May-16,,11-May-16,,14-May-16,,6-Aug-16,,,13-Aug-16,,84,8,4
52,HVAC-EQ,TF,6,2,2.1.13,Equipment,Close,HEAT RECOVERY COILS PUMPS,5145.20,,"146,520",0 ,"146,520","23,883",0.00,0.00 ,0.00 ,0.00 ,0.0, -   ,"122,637.15 ",83.70\%,"146,520.00 ",100\%,CAT,TACO,,N,\#REF!,24-Feb-16,9,6-Oct-16,41,2-Mar-16,6-Oct-16,16-Mar-16,4-May-16,19-Mar-16,21-May-16,,2-Apr-16,,7-May-16,,11-May-16,,14-May-16,,6-Aug-16,,,13-Aug-16,,84,8,4
53,HVAC-EQ,LL,6,2,2.1.14,Equipment,Close,FANS,5200.00,,"4,505,871","2,000,000 ","6,505,871","8,238,595","10,851,108.42","11,644,270.01 ","-793,161.59 ","7,297,869.16 ",63\%," 4,346,400.85 ","-1,732,724.00 ",-26.63\%,"-4,345,237.22 ",-67\%,CAT,FLACKWOODS,,N,\#REF!,24-Feb-16,9,3-Feb-16,6,2-Mar-16,6-Feb-16,16-Mar-16,8-Apr-16,19-Mar-16,5-May-16,,2-Apr-16,14-May-16,7-May-16,,11-May-16,,14-May-16,4-Sep-16,6-Aug-16,,,13-Aug-16,,84,8,4
54,HVAC-EQ,LL,6,2,2.1.15,Equipment,Close,JET FANS c/w CFD,5220.00,,"919,622",0 ,"919,622","525,844","676,891.89","760,005.16 ","-83,113.28 ",0.00 ,0\%," 760,005.16 ","393,778.06 ",42.82\%,"242,730.52 ",26\%,CAT,FLACKWOODS,,N,\#REF!,24-Feb-16,9,3-Feb-16,6,2-Mar-16,6-Feb-16,16-Mar-16,5-Apr-16,19-Mar-16,5-Apr-16,,2-Apr-16,14-May-16,7-May-16,12-May-16,11-May-16,12-Jun-16,14-May-16,1-Aug-16,6-Aug-16,12-Nov-16,,13-Aug-16,,84,8,4
55,HVAC-EQ,TF,6,3,2.1.16,Equipment,Pending,CARBON FILTERS,5230.00,,"28,100",0 ,"28,100","28,100","28,100.00","1,300.00 ","26,800.00 ","1,300.00 ",100\%, -   ,0.00 ,0.00\%,0.00 ,0\%,,,,N,\#REF!,24-Feb-16,9,,0,2-Mar-16,,16-Mar-16,,19-Mar-16,,,2-Apr-16,,7-May-16,,11-May-16,,14-May-16,,6-Aug-16,,,13-Aug-16,,84,8,4
56,HVAC-EQ,LL,6,2,2.1.17,Equipment,Close,ECOLOGY UNITS,5251.00,,"1,660,541","500,000 ","2,160,541","1,500,000","2,584,659.00","2,584,658.84 ",0.16 ,"1,656,969.00 ",64\%," 927,689.84 ","660,541.30 ",30.57\%,"-424,117.70 ",-20\%,QIT,ENVITEC,,N,\#REF!,10-Feb-16,7,3-Feb-16,6,17-Feb-16,6-Feb-16,2-Mar-16,8-Mar-16,5-Mar-16,10-Mar-16,,19-Mar-16,11-Jun-16,23-Apr-16,27-Jun-16,27-Apr-16,,30-Apr-16,,6-Aug-16,,,13-Aug-16,,98,10,4
57,HVAC-EQ,SF,6,2,2.1.18,Equipment,Close,VAV BOXES c/w CONTROLS,5410.00,,"17,414",0 ,"17,414","31,239","31,239.13",0.00 ,"31,239.13 ",0.00 ,0.0, -   ,"-13,825.18 ",-79.39\%,"-13,825.18 ",-79\%,KBE,KBE,,N,\#REF!,24-Feb-16,9,3-Feb-16,6,2-Mar-16,6-Feb-16,16-Mar-16,11-Apr-16,19-Mar-16,12-Apr-16,,2-Apr-16,,7-May-16,,11-May-16,,14-May-16,,6-Aug-16,,,13-Aug-16,,84,8,4
58,HVAC-EQ,TF,6,3,2.1.19,Equipment,Pending,CO DETECTORS,5600.00,,"344,916",0 ,"344,916","344,916",0.00,0.00 ,0.00 ,0.00 ,0.0, -   ,0.00 ,0.00\%,"344,916.00 ",100\%,,,,N,\#REF!,24-Feb-16,9,,0,2-Mar-16,,16-Mar-16,,19-Mar-16,,,2-Apr-16,,7-May-16,,11-May-16,,14-May-16,,6-Aug-16,,,13-Aug-16,,84,8,4
59,HVAC-EQ,LL,6,2,2.1.20,Equipment,Close,CHILLED WATER PUMPS,5805.00,,"2,687,822","-50,000 ","2,637,822","1,336,321","1,771,100.00","1,771,100.00 ",0.00 ,"1,204,038.00 ",68\%," 567,062.00 ","1,301,500.60 ",49.34\%,"866,721.60 ",33\%,CAT,TACO,,N,\#REF!,1-Jul-16,27,6-Oct-15,41,8-Jul-16,6-Oct-15,22-Jul-16,4-May-16,25-Jul-16,11-May-16,,8-Aug-16,30-May-16,12-Sep-16,9-Jun-16,16-Sep-16,12-Oct-16,19-Sep-16,3-Jan-17,23-Jan-17,,,30-Jan-17,,126,14,4
60,HVAC-EQ,,6,2,,,,BA 03 - Consumables transferred to 9601,5805.00,,,"-50,000 ","-50,000",,,,0.00 ,,0.0, -   ,"-50,000.00 ",100.00\%,"-50,000.00 ",100\%,,,,,\#REF!,\#\#\#\#\#\#\#\#\#\#\#\#\#\#\#\#\#\#\#\#\#\#\#\#\#\#\#\#\#\#\#\#\#\#\#\#\#\#\#\#\#\#\#\#\#\#\#\#\#\#\#\#\#\#\#\#\#\#\#\#\#\#\#\#\#\#\#\#\#\#\#\#\#\#\#\#\#\#\#\#\#\#\#\#\#\#\#\#\#\#\#\#\#\#\#\#\#\#\#\#\#\#\#\#\#\#\#\#\#\#\#\#\#\#\#\#\#\#\#\#\#\#\#\#\#\#\#\#\#\#\#\#\#\#\#\#\#\#\#\#\#\#\#\#\#\#\#\#\#\#\#\#\#\#\#\#\#\#\#\#\#\#\#\#\#\#\#\#\#\#\#\#\#\#\#\#\#\#\#\#\#\#\#\#\#\#\#\#\#\#\#\#\#\#\#\#\#\#\#\#\#\#\#\#\#\#\#\#\#\#\#\#\#\#\#\#\#\#\#\#\#\#\#\#\#\#\#\#\#\#\#\#\#\#\#\#\#\#\#\#\#\#\#\#\#\#\#\#\#\#\#\#\#\#\#,\#NUM!,,,\#\#\#\#\#\#\#\#\#\#\#\#\#\#\#\#\#\#\#\#\#\#\#\#\#\#\#\#\#\#\#\#\#\#\#\#\#\#\#\#\#\#\#\#\#\#\#\#\#\#\#\#\#\#\#\#\#\#\#\#\#\#\#\#\#\#\#\#\#\#\#\#\#\#\#\#\#\#\#\#\#\#\#\#\#\#\#\#\#\#\#\#\#\#\#\#\#\#\#\#\#\#\#\#\#\#\#\#\#\#\#\#\#\#\#\#\#\#\#\#\#\#\#\#\#\#\#\#\#\#\#\#\#\#\#\#\#\#\#\#\#\#\#\#\#\#\#\#\#\#\#\#\#\#\#\#\#\#\#\#\#\#\#\#\#\#\#\#\#\#\#\#\#\#\#\#\#\#\#\#\#\#\#\#\#\#\#\#\#\#\#\#\#\#\#\#\#\#\#\#\#\#\#\#\#\#\#\#\#\#\#\#\#\#\#\#\#\#\#\#\#\#\#\#\#\#\#\#\#\#\#\#\#\#\#\#\#\#\#\#\#\#\#\#\#\#\#\#\#\#\#\#\#\#\#,,,,,,,,,,,,,,,,,,,,,,
61,HVAC-EQ,LL,6,3,2.1.21,Equipment,Close,VFD - FOR CHW PUMP,6307.00,,"537,600",0 ,"537,600",0,0.00,0.00 ,0.00 ,0.00 ,0.0, -   ,"537,600.00 ",100.00\%,"537,600.00 ",100\%,,,INCLUDED IN PANELS,N,\#REF!,29-Jul-16,31,,0,5-Aug-16,,19-Aug-16,,22-Aug-16,,,5-Sep-16,,10-Oct-16,,14-Oct-16,,17-Oct-16,,23-Jan-17,,,30-Jan-17,,98,10,4
62,HVAC-EQ,SF,6,3,2.1.22,Equipment,Close,THERMAL ENERGY METERS,6594.00,,"1,423,524",0 ,"1,423,524","531,635","531,635.00",0.00 ,"531,635.00 ",0.00 ,0.0, -   ,"891,889.00 ",62.65\%,"891,889.00 ",63\%,JERSEY ENGG,LANDIS+GYR,,N,\#REF!,12-Aug-16,33,22-May-16,22,19-Aug-16,15-Jun-16,2-Sep-16,19-Jun-16,5-Sep-16,26-Jun-16,,19-Sep-16,21-Jul-16,24-Oct-16,,28-Oct-16,,31-Oct-16,,23-Jan-17,,,30-Jan-17,,84,8,4
63,HVAC,FF,7,2,2.2.1,Ductwork,Close,HANGERS \& SUPPORTS,2098.00,,"985,361","-985,361 ",0,"687,708","687,708.00","5,988.02 ","681,719.98 ",0.00 ,0\%," 5,988.02 ","-687,708.00 ",0.0,"-687,708.00 ",0.0,MBM,FLAMCO,,N,\#REF!,16-Jul-15,29,,0,23-Jul-15,13-Nov-12,6-Aug-15,1-Dec-15,9-Aug-15,1-Dec-15,,23-Aug-15,17-Jan-16,27-Sep-15,24-Jan-16,1-Oct-15,25-Nov-15,4-Oct-15,10-Jan-16,27-Dec-15,,15-Feb-16,3-Jan-16,,84,8,4
64,HVAC,SF,7,2,2.2.2,Ductwork,Close,DUCTWORK INSULATION (POLYOLEFIN),4200.00,,"5,972,948",0 ,"5,972,948","1,789,987","2,881,205.79","3,262,863.63 ","-381,657.84 ","2,462,335.52 ",75\%," 800,528.11 ","4,182,960.80 ",70.03\%,"3,091,742.21 ",52\%,QIC,KIMMCO,,N,\#REF!,18-Jun-15,25,,0,25-Jun-15,14-Oct-15,9-Jul-15,21-Dec-15,12-Jul-15,16-Dec-15,,26-Jul-15,28-Jan-16,30-Aug-15,10-Feb-16,3-Sep-15,19-Dec-16,6-Sep-15,9-Jan-17,29-Nov-15,,,6-Dec-15,,84,8,4
65,HVAC,SF,7,2,2.2.3,Ductwork,Close,ACOUSTIC INSULATION,4205.00,,"102,528",0 ,"102,528","175,468","579,716.00","579,716.00 ",0.00 ,"635,190.99 ",110\%," (55,474.99)","-72,939.60 ",-71.14\%,"-477,188.00 ",-465\%,MECI,AFICO,,N,\#REF!,16-Jul-15,29,,0,23-Jul-15,12-Sep-15,6-Aug-15,16-Sep-15,9-Aug-15,16-Sep-15,,23-Aug-15,16-Nov-15,27-Sep-15,23-Nov-15,1-Oct-15,11-Feb-16,4-Oct-15,1-Mar-16,29-Nov-15,15-Mar-16,,6-Dec-15,15-Apr-16,56,6,2
66,HVAC,SF,7,3,2.2.4,Ductwork,Close,INSULATION ADHESIVES \& COATINGS,4206.00,,0,0 ,0,"63,000","279,852.00","279,852.00 ",0.00 ,"377,445.00 ",135\%," (97,593.00)","-63,000.00 ",0.0,"-279,852.00 ",,ETC,BOSTIK,,N,\#REF!,6-Aug-15,32,,0,13-Aug-15,19-Sep-15,27-Aug-15,20-Sep-15,30-Aug-15,20-Sep-15,,13-Sep-15,20-Oct-05,18-Oct-15,1-Nov-15,22-Oct-15,,25-Oct-15,,29-Nov-15,,,6-Dec-15,,35,4,1
67,HVAC,SF,7,3,2.2.5,Ductwork,Close,INSULATION FASTENERS,4207.00,,0,0 ,0,"1,500","100,000.00","93,785.00 ","6,215.00 ","90,000.00 ",96\%," 3,785.00 ","-1,500.00 ",0.0,"-100,000.00 ",,ACS,DURODYNE,,N,\#REF!,6-Aug-15,32,,0,13-Aug-15,16-Sep-15,27-Aug-15,19-Sep-15,30-Aug-15,20-Sep-15,,13-Sep-15,20-Oct-15,18-Oct-15,9-Nov-15,22-Oct-15,8-Feb-16,25-Oct-15,,29-Nov-15,,,6-Dec-15,15-Apr-16,35,4,1
68,HVAC,SF,7,2,2.2.6,Ductwork,Close,ALUMINIUM TAPE,4208.00,,"351,348",0 ,"351,348","240,000","968,300.00","968,300.00 ",0.00 ,"935,994.44 ",97\%," 32,305.56 ","111,348.00 ",31.69\%,"-616,952.00 ",-176\%,QIC,JERSEY TAPE,,N,\#REF!,6-Aug-15,32,,0,13-Aug-15,13-Sep-15,27-Aug-15,20-Sep-15,30-Aug-15,20-Sep-15,,13-Sep-15,28-Jan-16,18-Oct-15,11-Feb-16,22-Oct-15,,25-Oct-15,,29-Nov-15,,,6-Dec-15,,35,4,1
69,HVAC,FF,7,3,2.2.7,Ductwork,Close,GALVANIZED SHEET DUCTWORK,5301.00,,"9,897,008",0 ,"9,897,008","1,623,858","5,312,751.12","5,373,437.70 ","-60,686.58 ","3,865,391.40 ",72\%," 1,508,046.30 ","8,273,150.00 ",83.59\%,"4,584,256.88 ",46\%,G-MARK,JSW,,N,\#REF!,9-Jul-15,28,,0,16-Jul-15,26-Sep-15,30-Jul-15,29-Sep-15,2-Aug-15,29-Sep-15,29-Sep-15,16-Aug-15,14-Nov-15,20-Sep-15,24-Nov-15,24-Sep-15,23-Jan-16,27-Sep-15,31-Jan-16,1-Nov-15,,,8-Nov-15,29-Feb-16,35,4,1
70,HVAC,SF,7,3,2.2.8,Ductwork,Close,FIRE RATED DUCTWORK,5301.10,,"1,264,632","500,000 ","1,764,632","1,274,318","1,274,318.00","3,689,810.00 ","-2,415,492.00 ","3,796,297.25 ",103\%," (106,487.25)","490,314.00 ",27.79\%,"490,314.00 ",28\%,SEAGULL,SEAGULL,,N,\#REF!,5-Sep-15,36,,0,12-Sep-15,,26-Sep-15,,29-Sep-15,10-Dec-16,,13-Oct-15,,17-Nov-15,,21-Nov-15,,24-Nov-15,,12-Jan-16,,,19-Jan-16,,49,6,1
71,HVAC,TF,7,2,2.2.9,Ductwork,Close,"DAMPERS (AD, VCD, FD, MFD, SD)",5310.00,,"2,612,540","300,000 ","2,912,540","1,951,952","2,975,094.95","2,977,324.34 ","-2,229.39 ","2,554,891.32 ",86\%," 422,433.02 ","960,587.22 ",32.98\%,"-62,555.35 ",-2\%,KMC,ANEMOSTAT,,N,\#REF!,8-Aug-15,32,,0,15-Aug-15,4-Jan-16,29-Aug-15,26-Jan-16,1-Sep-15,26-Jan-16,,15-Sep-15,2-Mar-16,20-Oct-15,,24-Oct-15,15-May-16,27-Oct-15,15-Jun-16,12-Jan-16,25-Jul-16,,19-Jan-16,,77,8,3
72,HVAC,TF,7,3,2.2.10,Ductwork,Close,PRE-INSULATED FLEXIBLE DUCT,5336.00,,"67,298","300,000 ","367,298","117,353","393,520.60","393,625.60 ",-105.00 ,"286,071.44 ",73\%," 107,554.16 ","249,945.13 ",68.05\%,"-26,222.60 ",-7\%,AERODYNE,THERMAFLEX,,N,\#REF!,31-Dec-16,53,,0,7-Jan-17,8-Oct-15,21-Jan-17,10-Nov-15,24-Jan-17,26-Jan-16,,7-Feb-17,27-Jan-16,14-Mar-17,29-Feb-16,18-Mar-17,25-Oct-16,21-Mar-17,3-Dec-16,25-Apr-17,,,2-May-17,,35,4,1
73,HVAC,TF,7,3,2.2.11,Ductwork,Close,FLEXIBLE DUCT CONNECTORS,5345.00,,"111,566",0 ,"111,566","47,557","105,549.00","92,685.85 ","12,863.15 ","210,519.84 ",227\%," (117,833.99)","64,008.96 ",57.37\%,"6,017.00 ",5\%,ACS,DURODYNE,,N,\#REF!,13-May-16,20,,0,20-May-16,10-Oct-15,3-Jun-16,13-Oct-15,6-Jun-16,2-Nov-15,2-Nov-15,20-Jun-16,17-Nov-15,25-Jul-16,7-Dec-15,29-Jul-16,18-Sep-16,1-Aug-16,5-Oct-16,5-Sep-16,,,12-Sep-16,,35,4,1
74,HVAC,SF,7,3,2.2.12,Ductwork,Close,DUCT SEALANT,5355.00,,"326,039",0 ,"326,039","175,000","370,011.00","370,011.00 ",0.00 ,"327,344.00 ",88\%," 42,667.00 ","151,039.03 ",46.33\%,"-43,971.97 ",-13\%,ETC,BOSTIK,,N,\#REF!,6-Aug-15,32,,0,13-Aug-15,16-Sep-15,27-Aug-15,19-Sep-15,30-Aug-15,20-Sep-15,20-Sep-15,13-Sep-15,25-Oct-15,18-Oct-15,1-Nov-15,22-Oct-15,24-Jan-16,25-Oct-15,31-Jan-16,29-Nov-15,28-Feb-16,,6-Dec-15,28-Feb-16,35,4,1
75,HVAC,TF,7,3,2.2.13,Ductwork,Close,"DIFFUSERS, REGISTERS AND GRILLES",5401.00,,"4,818,825",0 ,"4,818,825","1,647,936","1,647,936.00","448,954.54 ","1,198,981.46 ","437,102.08 ",97\%," 11,852.46 ","3,170,889.44 ",65.80\%,"3,170,889.00 ",66\%,,,,N,\#REF!,19-Nov-16,47,27-Jun-16,27,26-Nov-16,,10-Dec-16,,13-Dec-16,10-Oct-16,,27-Dec-16,,31-Jan-17,,4-Feb-17,,7-Feb-17,,25-Apr-17,,,2-May-17,,77,10,1
76,HVAC,TF,7,3,2.2.14,Ductwork,Close,LOUVERS,5404.00,,"822,883",0 ,"822,883","1,322,530","1,712,183.55","1,712,183.55 ",0.00 ,"579,846.48 ",34\%," 1,132,337.07 ","-499,647.43 ",-60.72\%,"-889,300.95 ",-108\%,,,,N,\#REF!,26-Nov-16,48,26-Jun-16,27,3-Dec-16,,17-Dec-16,,20-Dec-16,8-Aug-16,,3-Jan-17,,7-Feb-17,,11-Feb-17,,14-Feb-17,,25-Apr-17,,,2-May-17,,70,8,2
77,HVAC,TF,7,4,2.2.15,Ductwork,Close,IDENTIFICATION OF SERVICE - HVAC,8450.10,,,0 ,0,0,0.00,"24,500.00 ","-24,500.00 ",0.00 ,0\%," 24,500.00 ",0.00 ,0.00\%,0.00 ,0\%,,,,N,\#REF!,31-Dec-16,53,,0,7-Jan-17,,21-Jan-17,,24-Jan-17,5-Nov-16,,7-Feb-17,,14-Mar-17,,18-Mar-17,,21-Mar-17,,25-Apr-17,,,2-May-17,,35,4,1
78,HVAC,SF,8,2,2.3.1,CHW,Close,CARBON STEEL PIPES ,2040.00,,"4,495,061",0 ,"4,495,061","2,834,798","3,554,989.83","3,602,783.42 ","-47,793.59 ",0.00 ,0\%," 3,602,783.42 ","1,660,263.04 ",36.94\%,"940,071.17 ",21\%,PETROFAC,VARIOS,,N,\#REF!,28-May-15,22,,0,4-Jun-15,8-Oct-15,18-Jun-15,28-Dec-15,21-Jun-15,28-Dec-15,,5-Jul-15,14-Feb-16,9-Aug-15,,13-Aug-15,18-Apr-16,16-Aug-15,3-May-16,1-Nov-15,,,8-Nov-15,,77,10,1
79,HVAC,SF,8,2,2.3.1,CHW,Close,CARBON STEEL FITTINGS ,2040.10,,"3,138,933",0 ,"3,138,933","1,765,206","4,703,064.81","4,697,956.37 ","5,108.44 ","7,876,721.31 ",168\%," (3,178,764.94)","1,373,727.45 ",43.76\%,"-1,564,131.81 ",-50\%,VARIOUS,VARIOUS,,,\#REF!,\#\#\#\#\#\#\#\#\#\#\#\#\#\#\#\#\#\#\#\#\#\#\#\#\#\#\#\#\#\#\#\#\#\#\#\#\#\#\#\#\#\#\#\#\#\#\#\#\#\#\#\#\#\#\#\#\#\#\#\#\#\#\#\#\#\#\#\#\#\#\#\#\#\#\#\#\#\#\#\#\#\#\#\#\#\#\#\#\#\#\#\#\#\#\#\#\#\#\#\#\#\#\#\#\#\#\#\#\#\#\#\#\#\#\#\#\#\#\#\#\#\#\#\#\#\#\#\#\#\#\#\#\#\#\#\#\#\#\#\#\#\#\#\#\#\#\#\#\#\#\#\#\#\#\#\#\#\#\#\#\#\#\#\#\#\#\#\#\#\#\#\#\#\#\#\#\#\#\#\#\#\#\#\#\#\#\#\#\#\#\#\#\#\#\#\#\#\#\#\#\#\#\#\#\#\#\#\#\#\#\#\#\#\#\#\#\#\#\#\#\#\#\#\#\#\#\#\#\#\#\#\#\#\#\#\#\#\#\#\#\#\#\#\#\#\#\#\#\#\#\#\#\#\#\#,\#NUM!,,,\#\#\#\#\#\#\#\#\#\#\#\#\#\#\#\#\#\#\#\#\#\#\#\#\#\#\#\#\#\#\#\#\#\#\#\#\#\#\#\#\#\#\#\#\#\#\#\#\#\#\#\#\#\#\#\#\#\#\#\#\#\#\#\#\#\#\#\#\#\#\#\#\#\#\#\#\#\#\#\#\#\#\#\#\#\#\#\#\#\#\#\#\#\#\#\#\#\#\#\#\#\#\#\#\#\#\#\#\#\#\#\#\#\#\#\#\#\#\#\#\#\#\#\#\#\#\#\#\#\#\#\#\#\#\#\#\#\#\#\#\#\#\#\#\#\#\#\#\#\#\#\#\#\#\#\#\#\#\#\#\#\#\#\#\#\#\#\#\#\#\#\#\#\#\#\#\#\#\#\#\#\#\#\#\#\#\#\#\#\#\#\#\#\#\#\#\#\#\#\#\#\#\#\#\#\#\#\#\#\#\#\#\#\#\#\#\#\#\#\#\#\#\#\#\#\#\#\#\#\#\#\#\#\#\#\#\#\#\#\#\#\#\#\#\#\#\#\#\#\#\#\#\#\#\#,,\#\#\#\#\#\#\#\#\#\#\#\#\#\#\#\#\#\#\#\#\#\#\#\#\#\#\#\#\#\#\#\#\#\#\#\#\#\#\#\#\#\#\#\#\#\#\#\#\#\#\#\#\#\#\#\#\#\#\#\#\#\#\#\#\#\#\#\#\#\#\#\#\#\#\#\#\#\#\#\#\#\#\#\#\#\#\#\#\#\#\#\#\#\#\#\#\#\#\#\#\#\#\#\#\#\#\#\#\#\#\#\#\#\#\#\#\#\#\#\#\#\#\#\#\#\#\#\#\#\#\#\#\#\#\#\#\#\#\#\#\#\#\#\#\#\#\#\#\#\#\#\#\#\#\#\#\#\#\#\#\#\#\#\#\#\#\#\#\#\#\#\#\#\#\#\#\#\#\#\#\#\#\#\#\#\#\#\#\#\#\#\#\#\#\#\#\#\#\#\#\#\#\#\#\#\#\#\#\#\#\#\#\#\#\#\#\#\#\#\#\#\#\#\#\#\#\#\#\#\#\#\#\#\#\#\#\#\#\#\#\#\#\#\#\#\#\#\#\#\#\#\#\#\#\#,,\#\#\#\#\#\#\#\#\#\#\#\#\#\#\#\#\#\#\#\#\#\#\#\#\#\#\#\#\#\#\#\#\#\#\#\#\#\#\#\#\#\#\#\#\#\#\#\#\#\#\#\#\#\#\#\#\#\#\#\#\#\#\#\#\#\#\#\#\#\#\#\#\#\#\#\#\#\#\#\#\#\#\#\#\#\#\#\#\#\#\#\#\#\#\#\#\#\#\#\#\#\#\#\#\#\#\#\#\#\#\#\#\#\#\#\#\#\#\#\#\#\#\#\#\#\#\#\#\#\#\#\#\#\#\#\#\#\#\#\#\#\#\#\#\#\#\#\#\#\#\#\#\#\#\#\#\#\#\#\#\#\#\#\#\#\#\#\#\#\#\#\#\#\#\#\#\#\#\#\#\#\#\#\#\#\#\#\#\#\#\#\#\#\#\#\#\#\#\#\#\#\#\#\#\#\#\#\#\#\#\#\#\#\#\#\#\#\#\#\#\#\#\#\#\#\#\#\#\#\#\#\#\#\#\#\#\#\#\#\#\#\#\#\#\#\#\#\#\#\#\#\#\#\#\#,10-Sep-15,,\#\#\#\#\#\#\#\#\#\#\#\#\#\#\#\#\#\#\#\#\#\#\#\#\#\#\#\#\#\#\#\#\#\#\#\#\#\#\#\#\#\#\#\#\#\#\#\#\#\#\#\#\#\#\#\#\#\#\#\#\#\#\#\#\#\#\#\#\#\#\#\#\#\#\#\#\#\#\#\#\#\#\#\#\#\#\#\#\#\#\#\#\#\#\#\#\#\#\#\#\#\#\#\#\#\#\#\#\#\#\#\#\#\#\#\#\#\#\#\#\#\#\#\#\#\#\#\#\#\#\#\#\#\#\#\#\#\#\#\#\#\#\#\#\#\#\#\#\#\#\#\#\#\#\#\#\#\#\#\#\#\#\#\#\#\#\#\#\#\#\#\#\#\#\#\#\#\#\#\#\#\#\#\#\#\#\#\#\#\#\#\#\#\#\#\#\#\#\#\#\#\#\#\#\#\#\#\#\#\#\#\#\#\#\#\#\#\#\#\#\#\#\#\#\#\#\#\#\#\#\#\#\#\#\#\#\#\#\#\#\#\#\#\#\#\#\#\#\#\#\#\#\#\#\#,,\#\#\#\#\#\#\#\#\#\#\#\#\#\#\#\#\#\#\#\#\#\#\#\#\#\#\#\#\#\#\#\#\#\#\#\#\#\#\#\#\#\#\#\#\#\#\#\#\#\#\#\#\#\#\#\#\#\#\#\#\#\#\#\#\#\#\#\#\#\#\#\#\#\#\#\#\#\#\#\#\#\#\#\#\#\#\#\#\#\#\#\#\#\#\#\#\#\#\#\#\#\#\#\#\#\#\#\#\#\#\#\#\#\#\#\#\#\#\#\#\#\#\#\#\#\#\#\#\#\#\#\#\#\#\#\#\#\#\#\#\#\#\#\#\#\#\#\#\#\#\#\#\#\#\#\#\#\#\#\#\#\#\#\#\#\#\#\#\#\#\#\#\#\#\#\#\#\#\#\#\#\#\#\#\#\#\#\#\#\#\#\#\#\#\#\#\#\#\#\#\#\#\#\#\#\#\#\#\#\#\#\#\#\#\#\#\#\#\#\#\#\#\#\#\#\#\#\#\#\#\#\#\#\#\#\#\#\#\#\#\#\#\#\#\#\#\#\#\#\#\#\#\#\#\#,,\#\#\#\#\#\#\#\#\#\#\#\#\#\#\#\#\#\#\#\#\#\#\#\#\#\#\#\#\#\#\#\#\#\#\#\#\#\#\#\#\#\#\#\#\#\#\#\#\#\#\#\#\#\#\#\#\#\#\#\#\#\#\#\#\#\#\#\#\#\#\#\#\#\#\#\#\#\#\#\#\#\#\#\#\#\#\#\#\#\#\#\#\#\#\#\#\#\#\#\#\#\#\#\#\#\#\#\#\#\#\#\#\#\#\#\#\#\#\#\#\#\#\#\#\#\#\#\#\#\#\#\#\#\#\#\#\#\#\#\#\#\#\#\#\#\#\#\#\#\#\#\#\#\#\#\#\#\#\#\#\#\#\#\#\#\#\#\#\#\#\#\#\#\#\#\#\#\#\#\#\#\#\#\#\#\#\#\#\#\#\#\#\#\#\#\#\#\#\#\#\#\#\#\#\#\#\#\#\#\#\#\#\#\#\#\#\#\#\#\#\#\#\#\#\#\#\#\#\#\#\#\#\#\#\#\#\#\#\#\#\#\#\#\#\#\#\#\#\#\#\#\#\#\#\#,9-Apr-16,\#\#\#\#\#\#\#\#\#\#\#\#\#\#\#\#\#\#\#\#\#\#\#\#\#\#\#\#\#\#\#\#\#\#\#\#\#\#\#\#\#\#\#\#\#\#\#\#\#\#\#\#\#\#\#\#\#\#\#\#\#\#\#\#\#\#\#\#\#\#\#\#\#\#\#\#\#\#\#\#\#\#\#\#\#\#\#\#\#\#\#\#\#\#\#\#\#\#\#\#\#\#\#\#\#\#\#\#\#\#\#\#\#\#\#\#\#\#\#\#\#\#\#\#\#\#\#\#\#\#\#\#\#\#\#\#\#\#\#\#\#\#\#\#\#\#\#\#\#\#\#\#\#\#\#\#\#\#\#\#\#\#\#\#\#\#\#\#\#\#\#\#\#\#\#\#\#\#\#\#\#\#\#\#\#\#\#\#\#\#\#\#\#\#\#\#\#\#\#\#\#\#\#\#\#\#\#\#\#\#\#\#\#\#\#\#\#\#\#\#\#\#\#\#\#\#\#\#\#\#\#\#\#\#\#\#\#\#\#\#\#\#\#\#\#\#\#\#\#\#\#\#\#\#\#,13-Apr-16,\#\#\#\#\#\#\#\#\#\#\#\#\#\#\#\#\#\#\#\#\#\#\#\#\#\#\#\#\#\#\#\#\#\#\#\#\#\#\#\#\#\#\#\#\#\#\#\#\#\#\#\#\#\#\#\#\#\#\#\#\#\#\#\#\#\#\#\#\#\#\#\#\#\#\#\#\#\#\#\#\#\#\#\#\#\#\#\#\#\#\#\#\#\#\#\#\#\#\#\#\#\#\#\#\#\#\#\#\#\#\#\#\#\#\#\#\#\#\#\#\#\#\#\#\#\#\#\#\#\#\#\#\#\#\#\#\#\#\#\#\#\#\#\#\#\#\#\#\#\#\#\#\#\#\#\#\#\#\#\#\#\#\#\#\#\#\#\#\#\#\#\#\#\#\#\#\#\#\#\#\#\#\#\#\#\#\#\#\#\#\#\#\#\#\#\#\#\#\#\#\#\#\#\#\#\#\#\#\#\#\#\#\#\#\#\#\#\#\#\#\#\#\#\#\#\#\#\#\#\#\#\#\#\#\#\#\#\#\#\#\#\#\#\#\#\#\#\#\#\#\#\#\#\#\#,,28-Apr-16,,,0,,
80,HVAC,SF,8,2,2.3.2,CHW,CLOSE,GEN. VALVES HVAC,2050.10,,"2,462,167",0 ,"2,462,167","1,278,973","2,273,824.33","2,215,986.28 ","57,838.05 ","5,030,723.66 ",227\%," (2,814,737.38)","1,183,194.00 ",48.05\%,"188,342.67 ",8\%,AL FUAD OILFIELD,KITZ,,N,\#REF!,28-May-15,22,4-Feb-16,6,4-Jun-15,4-Feb-16,18-Jun-15,16-Apr-16,21-Jun-15,16-Apr-16,,5-Jul-15,11-Jun-16,9-Aug-15,29-Jun-16,13-Aug-15,23-Aug-16,16-Aug-15,8-Sep-16,1-Nov-15,,,8-Nov-15,,77,10,1
81,HVAC,TF,8,3,2.3.3,CHW,Close,VALVES SPECIALTIES - PICV,2051.00,,"3,651,939",0 ,"3,651,939","2,489,428","3,213,334.02","3,213,334.02 ",0.00 ,0.00 ,0\%," 3,213,334.02 ","1,162,511.00 ",31.83\%,"438,604.98 ",12\%,HATCO,OVENTROP,,N,\#REF!,27-Jan-16,5,,0,3-Feb-16,25-Feb-16,17-Feb-16,28-Mar-16,20-Feb-16,6-Apr-16,,5-Mar-16,14-Jun-16,9-Apr-16,23-Jun-16,13-Apr-16,17-Jul-16,16-Apr-16,18-Jul-16,6-Aug-16,10-Oct-16,,13-Aug-16,,112,12,4
82,HVAC,TF,8,3,2.3.4,CHW,Close,FLEXIBLE PIPE CONNECTORS,2058.00,,"298,920",0 ,"298,920","195,348","409,645.59","439,557.76 ","-29,912.17 ","684,504.49 ",156\%," (244,946.74)","103,572.00 ",34.65\%,"-110,725.59 ",-37\%,,,,N,\#REF!,24-Feb-16,9,30-May-16,23,2-Mar-16,10-Jun-16,16-Mar-16,22-Jul-16,19-Mar-16,13-Aug-16,,2-Apr-16,30-May-16,7-May-16,15-Jun-16,11-May-16,13-Dec-16,14-May-16,31-Dec-16,6-Aug-16,,,13-Aug-16,,84,8,4
83,HVAC,TF,8,4,2.3.5,CHW,Close,PRESSURE \& TEMPERATURE GAUGES,2093.10,,"221,120",0 ,"221,120","193,029","210,777.04","210,777.04 ",0.00 ,"184,539.44 ",88\%," 26,237.60 ","28,091.00 ",12.70\%,"10,342.96 ",5\%,AL RIYAD,HUNTER,TEST POINTS TO BE SUPPLIED BY -CONTINENTAL - WEISS,N,\#REF!,24-Feb-16,9,6-May-16,19,2-Mar-16,7-May-16,16-Mar-16,14-Jun-16,19-Mar-16,20-Jun-16,,2-Apr-16,21-Jul-16,7-May-16,,11-May-16,,14-May-16,,6-Aug-16,,,13-Aug-16,,84,8,4
84,HVAC,SF,8,2,2.3.6,CHW,Close,HANGERS \& SUPPORTS  (CHW),2098.10,,"1,058,630","-1,058,630 ",0,"741,041","1,041,041.00","205,413.33 ","835,627.67 ","3,015,809.59 ",1468\%," (2,810,396.26)","-741,041.00 ",0.0,"-1,041,041.00 ",0.0,LEMINAR,WEICCO,,N,\#REF!,7-May-15,19,,0,14-May-15,,28-May-15,,31-May-15,4-Apr-16,,14-Jun-15,24-Apr-16,19-Jul-15,5-May-16,23-Jul-15,,26-Jul-15,,1-Nov-15,,,8-Nov-15,,98,10,4
85,HVAC,SF,8,3,2.3.7,CHW,Close,CHW PIPE INSULATION (POLYOLEFIN),4100.10,,"3,623,025",0 ,"3,623,025","1,417,976","1,434,061.07","1,434,061.07 ",0.00 ,"1,226,477.83 ",86\%," 207,583.24 ","2,205,049.03 ",60.86\%,"2,188,963.93 ",60\%,QIT,KIMMCO,,N,\#REF!,25-Jun-15,26,,0,2-Jul-15,21-Sep-15,16-Jul-15,28-Oct-15,19-Jul-15,18-Jan-16,,2-Aug-15,28-Jan-16,6-Sep-15,11-Feb-16,10-Sep-15,,13-Sep-15,,29-Nov-15,,,6-Dec-15,,77,10,1
86,HVAC,TF,8,4,2.3.8,CHW,Close,ALUMINIUM SHEET CLADDING (CHW),4102.10,,"160,744",0 ,"160,744","600,750","600,750.00","221,100.00 ","379,650.00 ","86,963.00 ",39\%," 134,137.00 ","-440,006.00 ",-273.73\%,"-440,006.00 ",-274\%,ANDROIT ENGG,HINDALCO,,N,\#REF!,9-Jun-17,23,,0,16-Jun-17,14-May-16,30-Jun-17,22-May-16,3-Jul-17,23-May-16,,17-Jul-17,14-Jun-16,21-Aug-17,11-Jul-16,25-Aug-17,,28-Aug-17,,13-Nov-17,,,20-Nov-17,,77,10,1
87,HVAC,SF,8,1,2.3.9,CHW,Close,ALUMINIUM TAPE,4208.10,,"27,540",0 ,"27,540",0,"102,500.00","102,500.00 ",0.00 ,0.00 ,0\%," 102,500.00 ","27,540.00 ",100.00\%,"-74,960.00 ",-272\%,QIT,KIMMCO,,N,\#REF!,6-Aug-15,32,,0,13-Aug-15,13-Sep-15,27-Aug-15,20-Sep-15,30-Aug-15,20-Sep-15,,13-Sep-15,28-Jan-16,18-Oct-15,11-Feb-16,22-Oct-15,,25-Oct-15,,29-Nov-15,,,6-Dec-15,,35,4,1
88,HVAC,SF,8,3,2.2.7.1,Equipment,Close,DUCTWORK ACCESSORIES,5301.20,,,"1,000,000 ","1,000,000","371,594","888,039.41","890,541.75 ","-2,502.34 ",0.00 ,0\%," 890,541.75 ","628,406.50 ",62.84\%,"111,960.59 ",11\%,SAFID,SAFID,,,\#REF!,9-Jul-15,28,,0,16-Jul-15,6-Oct-15,30-Jul-15,9-Oct-15,2-Aug-15,10-Oct-15,,16-Aug-15,25-Jan-16,20-Sep-15,4-Feb-16,24-Sep-15,11-Feb-16,27-Sep-15,16-Feb-16,1-Nov-15,,,8-Nov-15,15-Apr-16,35,4,1
89,HVAC,SF,8,2,2.3.10,CHW,Close,PROTECTIVE PAINT,8300.00,,"24,067",0 ,"24,067","91,463","127,935.82","116,036.50 ","11,899.32 ","112,220.18 ",97\%," 3,816.32 ","-67,396.00 ",-280.03\%,"-103,868.82 ",-432\%,SIGMA PAINTS,SIGMA,,N,\#REF!,9-Jul-15,28,25-Jan-16,5,16-Jul-15,14-Nov-15,30-Jul-15,7-Feb-16,2-Aug-15,13-Feb-16,,16-Aug-15,4-May-16,20-Sep-15,16-May-16,24-Sep-15,10-Jun-16,27-Sep-15,16-Jun-16,1-Nov-15,30-Jun-16,,8-Nov-15,,35,4,1
90,HVAC,TF,8,3,2.3.11,CHW,Close,IDENTIFICATION OF SERVICE - CHW,8450.00,,"818,508",0 ,"818,508","821,132","1,078,098.32","1,076,608.48 ","1,489.84 ","479,983.60 ",45\%," 596,624.88 ","-2,624.30 ",-0.32\%,"-259,590.32 ",-32\%,QCMS,BRADY,,N,\#REF!,21-Jul-17,29,,0,28-Jul-17,5-Sep-16,11-Aug-17,3-Nov-16,14-Aug-17,5-Nov-16,,28-Aug-17,14-Nov-16,2-Oct-17,,6-Oct-17,,9-Oct-17,,13-Nov-17,,,20-Nov-17,,35,4,1
91,HVAC-SUP,FF,8,2,,GEN.,Close,MEP HANGERS AND SUPPORTS,2099.00,,0,"7,863,198","7,863,198",,"10,958,152.74","10,396,408.06 ","561,744.69 ","6,225,474.51 ",60\%," 4,170,933.55 ","7,863,198.00 ",100.00\%,"-3,094,954.74 ",-39\%,,,NO MS,,\#REF!,\#\#\#\#\#\#\#\#\#\#\#\#\#\#\#\#\#\#\#\#\#\#\#\#\#\#\#\#\#\#\#\#\#\#\#\#\#\#\#\#\#\#\#\#\#\#\#\#\#\#\#\#\#\#\#\#\#\#\#\#\#\#\#\#\#\#\#\#\#\#\#\#\#\#\#\#\#\#\#\#\#\#\#\#\#\#\#\#\#\#\#\#\#\#\#\#\#\#\#\#\#\#\#\#\#\#\#\#\#\#\#\#\#\#\#\#\#\#\#\#\#\#\#\#\#\#\#\#\#\#\#\#\#\#\#\#\#\#\#\#\#\#\#\#\#\#\#\#\#\#\#\#\#\#\#\#\#\#\#\#\#\#\#\#\#\#\#\#\#\#\#\#\#\#\#\#\#\#\#\#\#\#\#\#\#\#\#\#\#\#\#\#\#\#\#\#\#\#\#\#\#\#\#\#\#\#\#\#\#\#\#\#\#\#\#\#\#\#\#\#\#\#\#\#\#\#\#\#\#\#\#\#\#\#\#\#\#\#\#\#\#\#\#\#\#\#\#\#\#\#\#\#\#\#\#,\#NUM!,,,\#\#\#\#\#\#\#\#\#\#\#\#\#\#\#\#\#\#\#\#\#\#\#\#\#\#\#\#\#\#\#\#\#\#\#\#\#\#\#\#\#\#\#\#\#\#\#\#\#\#\#\#\#\#\#\#\#\#\#\#\#\#\#\#\#\#\#\#\#\#\#\#\#\#\#\#\#\#\#\#\#\#\#\#\#\#\#\#\#\#\#\#\#\#\#\#\#\#\#\#\#\#\#\#\#\#\#\#\#\#\#\#\#\#\#\#\#\#\#\#\#\#\#\#\#\#\#\#\#\#\#\#\#\#\#\#\#\#\#\#\#\#\#\#\#\#\#\#\#\#\#\#\#\#\#\#\#\#\#\#\#\#\#\#\#\#\#\#\#\#\#\#\#\#\#\#\#\#\#\#\#\#\#\#\#\#\#\#\#\#\#\#\#\#\#\#\#\#\#\#\#\#\#\#\#\#\#\#\#\#\#\#\#\#\#\#\#\#\#\#\#\#\#\#\#\#\#\#\#\#\#\#\#\#\#\#\#\#\#\#\#\#\#\#\#\#\#\#\#\#\#\#\#\#\#,,\#\#\#\#\#\#\#\#\#\#\#\#\#\#\#\#\#\#\#\#\#\#\#\#\#\#\#\#\#\#\#\#\#\#\#\#\#\#\#\#\#\#\#\#\#\#\#\#\#\#\#\#\#\#\#\#\#\#\#\#\#\#\#\#\#\#\#\#\#\#\#\#\#\#\#\#\#\#\#\#\#\#\#\#\#\#\#\#\#\#\#\#\#\#\#\#\#\#\#\#\#\#\#\#\#\#\#\#\#\#\#\#\#\#\#\#\#\#\#\#\#\#\#\#\#\#\#\#\#\#\#\#\#\#\#\#\#\#\#\#\#\#\#\#\#\#\#\#\#\#\#\#\#\#\#\#\#\#\#\#\#\#\#\#\#\#\#\#\#\#\#\#\#\#\#\#\#\#\#\#\#\#\#\#\#\#\#\#\#\#\#\#\#\#\#\#\#\#\#\#\#\#\#\#\#\#\#\#\#\#\#\#\#\#\#\#\#\#\#\#\#\#\#\#\#\#\#\#\#\#\#\#\#\#\#\#\#\#\#\#\#\#\#\#\#\#\#\#\#\#\#\#\#\#\#,,\#\#\#\#\#\#\#\#\#\#\#\#\#\#\#\#\#\#\#\#\#\#\#\#\#\#\#\#\#\#\#\#\#\#\#\#\#\#\#\#\#\#\#\#\#\#\#\#\#\#\#\#\#\#\#\#\#\#\#\#\#\#\#\#\#\#\#\#\#\#\#\#\#\#\#\#\#\#\#\#\#\#\#\#\#\#\#\#\#\#\#\#\#\#\#\#\#\#\#\#\#\#\#\#\#\#\#\#\#\#\#\#\#\#\#\#\#\#\#\#\#\#\#\#\#\#\#\#\#\#\#\#\#\#\#\#\#\#\#\#\#\#\#\#\#\#\#\#\#\#\#\#\#\#\#\#\#\#\#\#\#\#\#\#\#\#\#\#\#\#\#\#\#\#\#\#\#\#\#\#\#\#\#\#\#\#\#\#\#\#\#\#\#\#\#\#\#\#\#\#\#\#\#\#\#\#\#\#\#\#\#\#\#\#\#\#\#\#\#\#\#\#\#\#\#\#\#\#\#\#\#\#\#\#\#\#\#\#\#\#\#\#\#\#\#\#\#\#\#\#\#\#\#\#\#,,,\#\#\#\#\#\#\#\#\#\#\#\#\#\#\#\#\#\#\#\#\#\#\#\#\#\#\#\#\#\#\#\#\#\#\#\#\#\#\#\#\#\#\#\#\#\#\#\#\#\#\#\#\#\#\#\#\#\#\#\#\#\#\#\#\#\#\#\#\#\#\#\#\#\#\#\#\#\#\#\#\#\#\#\#\#\#\#\#\#\#\#\#\#\#\#\#\#\#\#\#\#\#\#\#\#\#\#\#\#\#\#\#\#\#\#\#\#\#\#\#\#\#\#\#\#\#\#\#\#\#\#\#\#\#\#\#\#\#\#\#\#\#\#\#\#\#\#\#\#\#\#\#\#\#\#\#\#\#\#\#\#\#\#\#\#\#\#\#\#\#\#\#\#\#\#\#\#\#\#\#\#\#\#\#\#\#\#\#\#\#\#\#\#\#\#\#\#\#\#\#\#\#\#\#\#\#\#\#\#\#\#\#\#\#\#\#\#\#\#\#\#\#\#\#\#\#\#\#\#\#\#\#\#\#\#\#\#\#\#\#\#\#\#\#\#\#\#\#\#\#\#\#\#\#\#,,\#\#\#\#\#\#\#\#\#\#\#\#\#\#\#\#\#\#\#\#\#\#\#\#\#\#\#\#\#\#\#\#\#\#\#\#\#\#\#\#\#\#\#\#\#\#\#\#\#\#\#\#\#\#\#\#\#\#\#\#\#\#\#\#\#\#\#\#\#\#\#\#\#\#\#\#\#\#\#\#\#\#\#\#\#\#\#\#\#\#\#\#\#\#\#\#\#\#\#\#\#\#\#\#\#\#\#\#\#\#\#\#\#\#\#\#\#\#\#\#\#\#\#\#\#\#\#\#\#\#\#\#\#\#\#\#\#\#\#\#\#\#\#\#\#\#\#\#\#\#\#\#\#\#\#\#\#\#\#\#\#\#\#\#\#\#\#\#\#\#\#\#\#\#\#\#\#\#\#\#\#\#\#\#\#\#\#\#\#\#\#\#\#\#\#\#\#\#\#\#\#\#\#\#\#\#\#\#\#\#\#\#\#\#\#\#\#\#\#\#\#\#\#\#\#\#\#\#\#\#\#\#\#\#\#\#\#\#\#\#\#\#\#\#\#\#\#\#\#\#\#\#\#\#\#,,\#\#\#\#\#\#\#\#\#\#\#\#\#\#\#\#\#\#\#\#\#\#\#\#\#\#\#\#\#\#\#\#\#\#\#\#\#\#\#\#\#\#\#\#\#\#\#\#\#\#\#\#\#\#\#\#\#\#\#\#\#\#\#\#\#\#\#\#\#\#\#\#\#\#\#\#\#\#\#\#\#\#\#\#\#\#\#\#\#\#\#\#\#\#\#\#\#\#\#\#\#\#\#\#\#\#\#\#\#\#\#\#\#\#\#\#\#\#\#\#\#\#\#\#\#\#\#\#\#\#\#\#\#\#\#\#\#\#\#\#\#\#\#\#\#\#\#\#\#\#\#\#\#\#\#\#\#\#\#\#\#\#\#\#\#\#\#\#\#\#\#\#\#\#\#\#\#\#\#\#\#\#\#\#\#\#\#\#\#\#\#\#\#\#\#\#\#\#\#\#\#\#\#\#\#\#\#\#\#\#\#\#\#\#\#\#\#\#\#\#\#\#\#\#\#\#\#\#\#\#\#\#\#\#\#\#\#\#\#\#\#\#\#\#\#\#\#\#\#\#\#\#\#\#\#,,\#\#\#\#\#\#\#\#\#\#\#\#\#\#\#\#\#\#\#\#\#\#\#\#\#\#\#\#\#\#\#\#\#\#\#\#\#\#\#\#\#\#\#\#\#\#\#\#\#\#\#\#\#\#\#\#\#\#\#\#\#\#\#\#\#\#\#\#\#\#\#\#\#\#\#\#\#\#\#\#\#\#\#\#\#\#\#\#\#\#\#\#\#\#\#\#\#\#\#\#\#\#\#\#\#\#\#\#\#\#\#\#\#\#\#\#\#\#\#\#\#\#\#\#\#\#\#\#\#\#\#\#\#\#\#\#\#\#\#\#\#\#\#\#\#\#\#\#\#\#\#\#\#\#\#\#\#\#\#\#\#\#\#\#\#\#\#\#\#\#\#\#\#\#\#\#\#\#\#\#\#\#\#\#\#\#\#\#\#\#\#\#\#\#\#\#\#\#\#\#\#\#\#\#\#\#\#\#\#\#\#\#\#\#\#\#\#\#\#\#\#\#\#\#\#\#\#\#\#\#\#\#\#\#\#\#\#\#\#\#\#\#\#\#\#\#\#\#\#\#\#\#\#\#\#,,\#\#\#\#\#\#\#\#\#\#\#\#\#\#\#\#\#\#\#\#\#\#\#\#\#\#\#\#\#\#\#\#\#\#\#\#\#\#\#\#\#\#\#\#\#\#\#\#\#\#\#\#\#\#\#\#\#\#\#\#\#\#\#\#\#\#\#\#\#\#\#\#\#\#\#\#\#\#\#\#\#\#\#\#\#\#\#\#\#\#\#\#\#\#\#\#\#\#\#\#\#\#\#\#\#\#\#\#\#\#\#\#\#\#\#\#\#\#\#\#\#\#\#\#\#\#\#\#\#\#\#\#\#\#\#\#\#\#\#\#\#\#\#\#\#\#\#\#\#\#\#\#\#\#\#\#\#\#\#\#\#\#\#\#\#\#\#\#\#\#\#\#\#\#\#\#\#\#\#\#\#\#\#\#\#\#\#\#\#\#\#\#\#\#\#\#\#\#\#\#\#\#\#\#\#\#\#\#\#\#\#\#\#\#\#\#\#\#\#\#\#\#\#\#\#\#\#\#\#\#\#\#\#\#\#\#\#\#\#\#\#\#\#\#\#\#\#\#\#\#\#\#\#\#\#,,,,,0,,
92,HVAC,TF,9,3,2.4.1,Other,CLOSE,FIRE STOPPING / SEALING,1002.00,,"2,500,000",0 ,"2,500,000","1,018,642","2,500,000.00","1,046,407.81 ","1,453,592.19 ","141,365.84 ",14\%," 905,041.97 ","1,481,358.46 ",59.25\%,0.00 ,0\%,,,,N,\#REF!,11-Nov-15,46,,0,18-Nov-15,,2-Dec-15,,5-Dec-15,1-Oct-16,,19-Dec-15,,23-Jan-16,,27-Jan-16,,30-Jan-16,,7-May-16,,,14-May-16,,98,10,4
93,HVAC,FF,9,3,2.4.2,Other,Close,CONDENSATE DRAIN PIPES \& FITTINGS (UPVC),2010.20,,"91,299",0 ,"91,299","29,157","435,896.14","435,896.14 ",0.00 ,"3,690.39 ",1\%," 432,205.75 ","62,141.67 ",68.06\%,"-344,597.14 ",-377\%,QADDCO,QADDCO,NO MS,N,\#REF!,13-Jan-16,3,,0,20-Jan-16,14-Nov-15,3-Feb-16,21-Dec-15,6-Feb-16,21-Dec-15,,20-Feb-16,28-Jan-16,26-Mar-16,4-Feb-16,30-Mar-16,22-Feb-16,2-Apr-16,13-Mar-16,7-May-16,30-Mar-16,,14-May-16,,35,4,1
94,HVAC,FF,9,2,2.4.3,Other,Close,REFRIGERANT PIPES \& FITTINGS,2022.00,,"19,286",0 ,"19,286","5,377","5,377.06",0.00 ,"5,377.06 ","10,116.45 ",0.0," (10,116.45)","13,908.94 ",72.12\%,"13,908.94 ",72\%,SALCO,MUELER,,N,\#REF!,2-Dec-15,49,,0,9-Dec-15,,23-Dec-15,,26-Dec-15,25-Dec-15,,9-Jan-16,,13-Feb-16,,17-Feb-16,,20-Feb-16,,7-May-16,,,14-May-16,,77,10,1
95,HVAC,FF,9,3,2.4.4,Other,Close,CONDENSATE DRAIN PIPES \& FITTINGS (GI),2036.00,,"104,816",0 ,"104,816","46,067","104,816.00","96,252.45 ","8,563.55 ","96,242.55 ",100\%, 9.90 ,"58,749.00 ",56.05\%,0.00 ,0\%,INTERPIPE,ECONOSTO,,N,\#REF!,25-Nov-15,48,,0,2-Dec-15,24-Oct-15,16-Dec-15,1-Dec-15,19-Dec-15,1-Dec-15,,2-Jan-16,27-Jan-16,6-Feb-16,7-May-16,10-Feb-16,,13-Feb-16,,7-May-16,,,14-May-16,,84,8,4
96,HVAC,FF,9,4,2.4.5,Other,Close,HANGERS \& SUPPORTS (CONDENSATE),2098.30,,"14,964","-14,964 ",0,"14,964","14,964.00",0.00 ,"14,964.00 ",0.00 ,0.0, -   ,"-14,964.00 ",0.0,"-14,964.00 ",0.0,LEMINAR,WEICCO,,N,\#REF!,13-Jan-16,3,,0,20-Jan-16,,3-Feb-16,,6-Feb-16,4-Apr-16,,20-Feb-16,24-Apr-16,26-Mar-16,5-May-16,30-Mar-16,,2-Apr-16,,7-May-16,,,14-May-16,,35,4,1
97,HVAC,FF,9,3,2.4.6,Other,Close,HANGERS \& SUPPORTS (REFRIGERANT),2098.40,,"3,035","-3,035 ",0,"3,035","3,035.00",0.00 ,"3,035.00 ",0.00 ,0.0, -   ,"-3,035.00 ",0.0,"-3,035.00 ",0.0,LEMINAR,WEICCO,,N,\#REF!,30-Dec-15,53,,0,6-Jan-16,,20-Jan-16,,23-Jan-16,4-Apr-16,,6-Feb-16,24-Apr-16,12-Mar-16,5-May-16,16-Mar-16,,19-Mar-16,,7-May-16,,,14-May-16,,49,6,1
98,HVAC,FF,9,2,2.4.7,Other,Close,CONDENSATE PIPE INSULATION (ELASTOMERIC),4101.10,,"220,550",0 ,"220,550","112,236","1,062,426.73","692,410.59 ","370,016.14 ",0.00 ,0\%," 692,410.59 ","108,314.49 ",49.11\%,"-841,876.73 ",-382\%,QIC,ARMACELL,,N,\#REF!,25-Nov-15,48,,0,2-Dec-15,21-Sep-15,16-Dec-15,6-Jan-16,19-Dec-15,19-Jan-16,,2-Jan-16,27-Jan-16,6-Feb-16,4-Feb-16,10-Feb-16,,13-Feb-16,,7-May-16,,,14-May-16,,84,8,4
99,HVAC,FF,9,2,2.4.8,Other,Close,REFRIGERANT PIPES INSULATION (ELASTOMERIC),4101.00,,"4,320",0 ,"4,320","2,170","516,564.06","135,009.06 ","381,555.00 ","200,493.53 ",149\%," (65,484.47)","2,149.65 ",49.76\%,"-512,244.06 ",-11858\%,QIC,ARMACELL,,N,\#REF!,30-Dec-15,53,,0,6-Jan-16,14-Nov-15,20-Jan-16,6-Jan-16,23-Jan-16,19-Jan-16,,6-Feb-16,5-Dec-15,12-Mar-16,14-Dec-15,16-Mar-16,,19-Mar-16,,7-May-16,,,14-May-16,,49,6,1
100,HVAC,TF,9,3,2.4.9,Other,Close,ALUMINIUM SHEET CLADDING (REFRIGERANT),4102.20,,"2,688",0 ,"2,688",0,"2,688.00",0.00 ,"2,688.00 ",0.00 ,0.0, -   ,"2,688.00 ",100.00\%,0.00 ,0\%,,,,N,\#REF!,16-Dec-15,51,,0,23-Dec-15,,6-Jan-16,,9-Jan-16,,,23-Jan-16,,27-Feb-16,,2-Mar-16,,5-Mar-16,,7-May-16,,,14-May-16,,63,8,1
101,HVAC,TF,9,4,2.4.10,Other,Close,VIBRATION ABSORBERS \& ISOLATORS,5150.10,,"1,451,980","-50,000 ","1,401,980","345,000","845,000.00","298,147.00 ","546,853.00 ","298,147.50 ",100\%, (0.50),"1,056,980.00 ",75.39\%,"556,980.00 ",40\%,QIT,KINETICS,,N,\#REF!,16-Jun-17,24,30-May-16,23,23-Jun-17,20-Jun-16,7-Jul-17,27-Jun-16,10-Jul-17,10-Jul-15,,24-Jul-17,30-May-16,28-Aug-17,13-Jul-17,1-Sep-17,17-Oct-16,4-Sep-17,26-Oct-16,13-Nov-17,,,20-Nov-17,,70,8,2
102,HVAC,TF,9,4,2.4.11,Other,Close,SOUND ATTENUATORS,5320.00,,"1,888,484",0 ,"1,888,484","1,800,000","2,000,000.00","1,004,402.08 ","995,597.92 ","797,035.35 ",79\%," 207,366.73 ","88,484.00 ",4.69\%,"-111,516.00 ",-6\%,SAFID,SAFID,,N,\#REF!,29-Apr-16,18,19-May-16,21,6-May-16,25-May-16,20-May-16,1-Jun-16,23-May-16,19-Jun-16,,6-Jun-16,14-Jul-16,11-Jul-16,27-Jul-16,15-Jul-16,,18-Jul-16,,5-Sep-16,,,12-Sep-16,,49,6,1
B,,,,,,,,,,,"93,538,868","12,724,740","106,263,608","65,535,182","102,185,260","94,136,559","8,048,701","76,930,749",0.0,"17,205,811","40,728,427",0.0,"4,078,348",,,,,,,,,,,,,,,,,,,,,,,,,,,,,,,,,
,,,,,,,,,,,,,,,,,,,,,,,,,,,,,,,,,,,,,,,,,,,,,,,,,,,,,,,,
103,PL,LL,11,3,3.1.2,Equipment,Close,SANITARY FIXTURES - SUBSTATIONS,20.20,,"24,820",0 ,"24,820","11,730","24,820.00","11,730.00 ","13,090.00 ",0.00 ,0\%," 11,730.00 ","13,090.00 ",52.74\%,0.00 ,0\%,UNITED SUPPLIES,DURAVIT/GROHE,,N,\#REF!,22-Jul-16,30,,0,29-Jul-16,,12-Aug-16,,15-Aug-16,,,29-Aug-16,,3-Oct-16,,7-Oct-16,,10-Oct-16,,30-Jan-17,,,6-Feb-17,,112,12,4
104,PL,SF,11,2,3.1.5,Equipment,Close,"FLOOR DRAINS, ROOF DRAINS \& CLEANOUTS",51.00,,"2,083,593","1,500,000 ","3,583,593","977,748","4,390,714.31","4,480,193.49 ","-89,479.18 ","3,056,992.35 ",68\%," 1,423,201.14 ","2,605,845.10 ",72.72\%,"-807,121.21 ",-23\%,ALBINA/MEM,KESSEL/ZURN,SS - ALBINA/ CI - MEM,N,\#REF!,14-May-15,20,3-Feb-16,6,21-May-15,6-Feb-16,4-Jun-15,14-Jun-16,7-Jun-15,16-Jun-16,,21-Jun-15,23-Jun-16,26-Jul-15,,30-Jul-15,,2-Aug-15,,1-Nov-15,,,8-Nov-15,,91,8,5
105,PL-EQUIP,SF,11,2,3.1.6,Equipment,Close,INTERCEPTORS,52.00,,"107,355","290,061 ","397,416","466,000","535,000.00","535,000.00 ",0.00 ,"535,000.04 ",100\%, (0.04),"-68,584.00 ",-17.26\%,"-137,584.00 ",-35\%,ALBINA,KESSEL,,N,\#REF!,14-May-15,20,10-Apr-16,16,21-May-15,23-Apr-16,4-Jun-15,28-Apr-16,7-Jun-15,4-May-16,,21-Jun-15,,26-Jul-15,,30-Jul-15,,2-Aug-15,,1-Nov-15,,,8-Nov-15,,91,8,5
106,PL,TF,11,3,3.1.7,Equipment,Pending,POOL SURGE TANKS,60.00,,"1,072,000",0 ,"1,072,000","1,072,000","1,072,000.00",0.00 ,"1,072,000.00 ",0.00 ,0.0, -   ,0.00 ,0.00\%,0.00 ,0\%,,,,N,\#REF!,23-Jul-16,30,,0,30-Jul-16,,13-Aug-16,,16-Aug-16,,,30-Aug-16,,4-Oct-16,,8-Oct-16,,11-Oct-16,,3-Jan-17,,,10-Jan-17,,84,8,4
107,PL,TF,11,4,3.1.8,Equipment,Close,WATER METERS,2053.00,,"159,616",0 ,"159,616","74,124","74,124.00",0.00 ,"74,124.00 ",0.00 ,0.0, -   ,"85,491.39 ",53.56\%,"85,491.55 ",54\%,QIT,ITRON,REV 1,N,\#REF!,23-Dec-15,52,21-Apr-16,17,30-Dec-15,17-Apr-16,13-Jan-16,22-May-16,16-Jan-16,22-May-16,,30-Jan-16,,5-Mar-16,3-Jul-16,9-Mar-16,,12-Mar-16,,18-Jun-16,,,25-Jun-16,,98,10,4
108,PL,TF,11,3,3.1.9,Equipment,Close,GRP WATER TANKS,2060.10,,"293,600","500,000 ","793,600","550,072","1,002,508.50","1,006,248.50 ","-3,740.00 ","981,950.00 ",98\%," 24,298.50 ","243,528.45 ",30.69\%,"-208,908.50 ",-26\%,INTERMAODAL,BALMORAL,,N,\#REF!,9-Jul-16,28,11-Apr-16,16,16-Jul-16,11-Apr-16,30-Jul-16,27-Apr-16,2-Aug-16,12-Jun-16,,16-Aug-16,28-Jul-16,20-Sep-16,,24-Sep-16,,27-Sep-16,,3-Jan-17,,,10-Jan-17,,98,10,4
109,PL,LL,11,3,3.1.10,Equipment,Close,SS WATER TANKS,2060.20,,"290,061","-290,061 ",0,0,0.00,0.00 ,0.00 ,0.00 ,0.0, -   ,0.00 ,0.00\%,0.00 ,0\%,,,,N,\#REF!,25-Jun-16,26,,0,2-Jul-16,,16-Jul-16,,19-Jul-16,,,2-Aug-16,,6-Sep-16,,10-Sep-16,,13-Sep-16,,3-Jan-17,,,10-Jan-17,,112,12,4
110,PL,LL,11,2,3.1.11,Equipment,Close,WATER FILTRATION \& GREY WATER SYSTEM,2083.00,,"1,233,225",0 ,"1,233,225","682,000","200,000.00","195,000.00 ","5,000.00 ","195,000.00 ",100\%, -   ,"551,225.00 ",44.70\%,"1,033,225.00 ",84\%,CULLIGAN,CULLIGAN,,N,\#REF!,18-Jun-16,25,21-Apr-16,17,25-Jun-16,17-Apr-16,9-Jul-16,25-Apr-16,12-Jul-16,15-May-16,,26-Jul-16,26-Jul-16,30-Aug-16,2-Aug-16,3-Sep-16,,6-Sep-16,,3-Jan-17,,,10-Jan-17,,119,12,5
111,PL,LL,11,3,3.1.12,Equipment,Close,ELRIC WATER HEATERS,3010.00,,"564,795",0 ,"564,795","625,700","230,000.00","228,641.55 ","1,358.45 ","2,119,779.76 ",927\%," (1,891,138.21)","-60,904.80 ",-10.78\%,"334,795.20 ",59\%,GREEN TECH,ECOTHERM,,N,\#REF!,6-Jan-16,2,17-Jan-16,4,13-Jan-16,4-Feb-16,27-Jan-16,7-Feb-16,30-Jan-16,10-Feb-16,,13-Feb-16,,19-Mar-16,,23-Mar-16,,26-Mar-16,,18-Jun-16,,,25-Jun-16,,84,8,4
112,PL,LL,11,2,3.1.13,Equipment,Close,DOMESTIC WATER PUMPS,5804.00,,"3,109,504","1,000,000 ","4,109,504","3,443,752","3,996,937.00","4,920,247.27 ","-923,310.27 ","4,276,101.31 ",87\%," 644,145.96 ","665,752.44 ",16.20\%,"112,567.00 ",3\%,GRUNDFOS,GRUNDFOS,,N,\#REF!,9-Jul-16,28,13-Apr-16,16,16-Jul-16,14-Apr-16,30-Jul-16,11-May-16,2-Aug-16,29-May-16,,16-Aug-16,11-Jun-16,20-Sep-16,27-Jun-16,24-Sep-16,,27-Sep-16,,3-Jan-17,,,10-Jan-17,,98,10,4
113,PL,FF,12,1,3.2.1,Pipework,Close,UPVC PIPES \& FITTINGS (SILENT) - DRAINAGE,2010.10,,"2,639,962",0 ,"2,639,962","947,851","2,873,241.91","2,881,944.97 ","-8,703.06 ","3,094,368.44 ",107\%," (212,423.47)","1,692,111.47 ",64.10\%,"-233,279.91 ",-9\%,AMT,REHAU,NO MS,N,\#REF!,4-Jun-15,23,,0,11-Jun-15,3-Nov-15,25-Jun-15,21-Dec-15,28-Jun-15,16-Jan-16,,12-Jul-15,1-May-16,16-Aug-15,7-May-16,20-Aug-15,19-Jul-16,23-Aug-15,4-Aug-16,1-Nov-15,29-Sep-16,,8-Nov-15,,70,6,4
114,PL,SF,12,2,3.2.2,Pipework,Close,COPPER PIPES \& FITTINGS,2020.10,,"5,901,682","3,000,000 ","8,901,682","3,875,582","9,529,665.47","9,657,895.74 ","-128,230.27 ","9,659,116.79 ",100\%," (1,221.05)","5,026,100.84 ",56.46\%,"-627,983.04 ",-7\%,SALCO,YPRKSHIRE,,N,\#REF!,13-May-15,20,,0,20-May-15,5-Oct-15,3-Jun-15,21-Oct-15,6-Jun-15,21-Oct-15,,20-Jun-15,12-Jan-16,25-Jul-15,21-Jan-16,29-Jul-15,2-Jul-16,1-Aug-15,20-Jul-16,24-Oct-15,20-Aug-16,,31-Oct-15,,84,8,4
115,PL,FF,12,2,3.2.3,Pipework,Close,VITRIFIED CLAY PIPES \& FITTINGS,2033.00,,"9,688",0 ,"9,688","2,307","2,691.00","5,283.00 ","-2,592.00 ",0.00 ,0\%," 5,283.00 ","7,381.00 ",76.19\%,"6,997.00 ",72\%,TRAGGS,SVCP,APPROVED BY QEMG,N,\#REF!,4-Jun-15,23,,0,11-Jun-15,,25-Jun-15,,28-Jun-15,28-Aug-15,,12-Jul-15,,16-Aug-15,,20-Aug-15,,23-Aug-15,,1-Nov-15,,,8-Nov-15,,70,8,2
116,PL,FF,12,2,3.2.4,Pipework,Close,CAST IRON PIPES \& FITTINGS,2035.00,,"6,414,310","800,000 ","7,214,310","3,115,000","6,929,309.96","6,929,309.96 ",0.00 ,"6,677,110.47 ",96\%," 252,199.49 ","4,099,310.30 ",56.82\%,"285,000.34 ",4\%,AHMAD ALUTHMAN,ST GOBAIN,,N,\#REF!,23-Apr-15,17,,0,30-Apr-15,25-Nov-15,14-May-15,30-Nov-15,17-May-15,3-Jan-00,,31-May-15,9-Dec-15,5-Jul-15,12-Dec-15,9-Jul-15,13-Feb-16,12-Jul-15,31-Mar-16,1-Nov-15,,,8-Nov-15,,112,12,4
117,PL,SF,12,3,3.2.5,Pipework,Close,HDPE PIPES \& FITTINGS,2007.00,,"4,358,594",0 ,"4,358,594","838,333","838,333.00","565,921.02 ","272,411.98 ","532,810.87 ",94\%," 33,110.15 ","3,520,261.33 ",80.77\%,"3,520,261.18 ",81\%,QADDCO,QADDCO,,N,\#REF!,4-Jun-15,23,,0,11-Jun-15,28-Oct-15,25-Jun-15,1-Dec-15,28-Jun-15,1-Dec-15,,12-Jul-15,27-Jan-16,16-Aug-15,7-May-16,20-Aug-15,,23-Aug-15,,1-Nov-15,,,8-Nov-15,,70,8,2
118,PL,LL,12,2,3.2.6,Pipework,Close,DUCTILE IRON PIPES \& FITTINGS,2037.00,,"942,814","-942,814 ",0,"442,637",0.00,0.00 ,0.00 ,0.00 ,0.0, -   ,"-442,636.52 ",-91985855.61\%,0.00 ,0.0\%,TRAGS,SADIP,,N,\#REF!,23-Apr-15,17,,0,30-Apr-15,3-Nov-15,14-May-15,4-Feb-16,17-May-15,4-Feb-16,,31-May-15,28-Apr-16,5-Jul-15,7-May-16,9-Jul-15,,12-Jul-15,,1-Nov-15,,,8-Nov-15,,112,14,2
119,PL,SF,12,2,3.2.7,Pipework,Close,VULCATHENE PIPES \& FITTINGS,2038.00,,"36,910","-36,910 ",0,"15,843",0.00,0.00 ,0.00 ,0.00 ,0.0, -   ,"-15,842.55 ",0.0,0.00 ,0\%,FLOW WAY TRADING,VULCATHENE,,N,\#REF!,14-May-15,20,,0,21-May-15,3-Nov-15,4-Jun-15,12-Nov-15,7-Jun-15,12-Nov-15,,21-Jun-15,,26-Jul-15,,30-Jul-15,,2-Aug-15,,1-Nov-15,,,8-Nov-15,,91,12,1
120,PL,SF,12,3,3.2.8,Pipework,Close,GEN. VALVES PL,2050.20,,"1,168,971","250,000 ","1,418,971","234,998","1,967,948.62","2,055,772.26 ","-87,823.64 ","77,631.50 ",4\%," 1,978,140.76 ","1,183,972.80 ",83.44\%,"-548,977.42 ",-39\%,AL FUAD,KITZ,,N,\#REF!,10-Jun-15,24,14-Feb-16,8,17-Jun-15,17-Feb-16,1-Jul-15,6-Mar-16,4-Jul-15,2-Apr-16,,18-Jul-15,24-Apr-16,22-Aug-15,,26-Aug-15,7-Aug-16,29-Aug-15,,21-Nov-15,,,28-Nov-15,,84,8,4
121,PL,FF,12,2,3.2.9,Pipework,Close,HANGERS \& SUPPORTS - PLM,2098.20,,"1,601,208",0 ,"1,601,208","1,120,846",0.00,0.00 ,0.00 ,0.00 ,0.0, -   ,"480,362.40 ",30.00\%,"1,601,208.00 ",100\%,LEMINAR,WEICCO,,N,\#REF!,3-Jun-15,23,,0,10-Jun-15,,24-Jun-15,,27-Jun-15,,,11-Jul-15,,15-Aug-15,,19-Aug-15,,22-Aug-15,,24-Oct-15,,,31-Oct-15,,63,8,1
122,PL,SF,12,2,3.2.10,Pipework,Close,PLM PIPE INSULATION (POLYOLEFIN),4100.20,,"1,409,825",0 ,"1,409,825","582,861","1,499,887.61","1,172,071.37 ","327,816.24 ",0.00 ,0\%," 1,172,071.37 ","826,963.91 ",58.66\%,"-90,062.81 ",-6\%,QIC,KIMCCO,,N,\#REF!,1-Jul-15,27,,0,8-Jul-15,28-Nov-15,22-Jul-15,7-Jan-16,25-Jul-15,17-Jan-16,,8-Aug-15,27-Jan-16,12-Sep-15,4-Feb-16,16-Sep-15,,19-Sep-15,,21-Nov-15,,,28-Nov-15,,63,8,1
123,PL,SF,12,2,3.2.11,Pipework,Close,ALUMINIUM TAPE,4208.20,,"30,923",0 ,"30,923",0,"456,500.00","16,000.00 ","440,500.00 ",0.00 ,0\%," 16,000.00 ","30,923.00 ",100.00\%,"-425,577.00 ",-1376\%,QIC,JERSEY TAPE,,N,\#REF!,29-Jul-15,31,,0,5-Aug-15,13-Sep-15,19-Aug-15,20-Sep-15,22-Aug-15,20-Sep-15,,5-Sep-15,10-Jan-16,10-Oct-15,24-Feb-16,14-Oct-15,3-Mar-16,17-Oct-15,10-Mar-16,21-Nov-15,30-Mar-16,,28-Nov-15,,35,4,1
124,PL,TF,12,4,3.2.12,Pipework,Close,IDENTIFICATION OF SERVICES - PLM,8450.20,,,0 ,0,0,0.00,0.00 ,0.00 ,0.00 ,0.0, -   ,0.00 ,0.00\%,0.00 ,0\%,,,,N,\#REF!,24-Feb-16,9,,0,2-Mar-16,,16-Mar-16,,19-Mar-16,,,2-Apr-16,,7-May-16,,11-May-16,,14-May-16,,18-Jun-16,,,25-Jun-16,,35,4,1
125,FUEL,SF,13,2,3.3.1,Equipment,Close,CARBON STEEL PIPES \& FITTINGS - FUEL,2040.40,,"52,565",0 ,"52,565",0,0.00,0.00 ,0.00 ,0.00 ,0.0, -   ,"52,565.07 ",100.00\%,"52,565.07 ",100\%,UNIGAS,UNIGAS,,N,\#REF!,5-May-16,19,11-Apr-16,16,12-May-16,23-Apr-16,26-May-16,9-May-16,29-May-16,14-Jul-16,,12-Jun-16,31-Jul-16,17-Jul-16,,21-Jul-16,,24-Jul-16,,25-Sep-16,,,2-Oct-16,,63,8,1
126,FUEL,LL,13,2,3.3.4,Equipment,Pending,FLUE / CHIMNEY SYSTEM,3009.00,,"25,040",0 ,"25,040","25,040","125,040.00",0.00 ,"125,040.00 ",0.00 ,0.0, -   ,0.00 ,0.00\%,"-100,000.00 ",-399\%,,,,N,\#REF!,16-Oct-15,42,,0,23-Oct-15,,6-Nov-15,,9-Nov-15,,,23-Nov-15,,28-Dec-15,,1-Jan-16,,4-Jan-16,,14-Mar-16,,,21-Mar-16,,70,6,4
C,SUBTOTAL,,,,,,,PL MATERIALS CORE,,,"33,531,062","6,070,276","39,601,338","19,104,422","35,748,721","34,661,259","1,087,462","31,205,862",0.0,"3,455,398","20,496,917",0.0,"3,852,616",,,,,,,,,,,,,,,,,,,,,,,,,,,,,,,,,
,,,,,,,,,,,,,,,,,,,,,,,,,,,,,,,,,,,,,,,,,,,,,,,,,,,,,,,,
D,SUBTOTAL ,,,,,,,MECHANICAL SITE CORE INSTALLATIONS,,,"127,069,930","18,795,016","145,864,946","84,639,603","137,933,982","128,797,819","9,136,163","108,136,610",0.0,"20,661,208","61,225,343",0.0,"7,930,964",,,,,,\#REF!,,,,,,,,,,,,,,,,,,,,,,,,,,,
E,SUBTOTAL ,,,,,,,SUBTOTAL ELR + MECHANICAL,,,"251,904,153","31,197,484","283,101,637","183,595,431","282,539,061.72","267,547,751","14,991,311","207,002,890",0.0,"54,603,523","99,506,206",0.0,"562,574",,,,,,\#REF!,,,,,,,,,,,,,,,,,,,,,,,,,,,
,,,,,,,,,,,,,,,,,,,0.0, -   ,0.00 ,0.00 ,,,,,,,\#REF!,,,,,,,,,,,,,,,,,,,,,,,,,,,
127,GEN.,GN,14,5,4.1.1,GEN.,Close,COMPUTER HARDWARE \& SOFTWARE,6585.00,,"1,500,000",0 ,"1,500,000","626,345","1,085,982.11","1,177,496.43 ","-91,514.33 ","89,834.14 ",8\%," 1,087,662.29 ","873,655.29 ",58.24\%,"414,017.90 ",28\%,LOGICOM,HP,NO MS,N,\#REF!,12-Sep-15,37,,0,19-Sep-15,1-Oct-15,3-Oct-15,14-Oct-15,6-Oct-15,15-Dec-15,,20-Oct-15,,24-Nov-15,,28-Nov-15,,1-Dec-15,,5-Jan-16,,,12-Jan-16,,35,4,1
128,GEN.,GN,14,5,4.1.2,GEN.,Close,SCAFFOLDING \& LADDERS,8400.00,,"500,000",0 ,"500,000","250,000","2,294,656.64","2,379,163.48 ","-84,506.84 ","1,500.00 ",0\%," 2,377,663.48 ","250,000.00 ",50.00\%,"-1,794,656.64 ",-359\%,SALEM,N/A,,N,\#REF!,3-Oct-15,40,,0,10-Oct-15,12-Dec-15,24-Oct-15,26-Mar-16,27-Oct-15,26-Mar-16,,10-Nov-15,,15-Dec-15,,19-Dec-15,13-Mar-16,22-Dec-15,,23-Feb-16,,,1-Mar-16,,63,8,1
129,GEN.,GN,14,5,4.1.3,GEN.,Close,"WORKSHOP, STORES, SHELTER, OPEN STORAGE AREAS ETC.",9200.00,,"650,000",0 ,"650,000","650,000","825,252.48","859,752.48 ","-34,500.00 ","132,160.00 ",15\%," 727,592.48 ",0.00 ,0.00\%,"-175,252.48 ",-27\%,,,,N,\#REF!,19-Sep-15,38,,0,26-Sep-15,,10-Oct-15,,13-Oct-15,,,27-Oct-15,,1-Dec-15,,5-Dec-15,,8-Dec-15,,9-Feb-16,,,16-Feb-16,,63,8,1
130,GEN.,GN,14,5,4.1.4,GEN.,Close,FF \& E FOR OFFICE \& SITE ESTABLISHMENT,9201.00,,"240,000","292,000 ","532,000","532,000","1,116,188.72","1,118,540.36 ","-2,351.64 ","152,226.21 ",14\%," 966,314.15 ",0.00 ,0.00\%,"-584,188.72 ",-110\%,AL HAWAI,,,N,\#REF!,5-Sep-15,36,,0,12-Sep-15,,26-Sep-15,,29-Sep-15,,,13-Oct-15,,17-Nov-15,,21-Nov-15,,24-Nov-15,,29-Dec-15,,,5-Jan-16,,35,4,1
131,GEN.,GN,14,5,4.1.5,GEN.,Close,COFFEE ROOM REQ.,9202.00,,"334,514",0 ,"334,514","334,514","334,514.00","21,353.25 ","313,160.75 ","62,115.67 ",291\%," (40,762.42)",0.00 ,0.00\%,0.22 ,0\%,,,,N,\#REF!,5-Sep-15,36,,0,12-Sep-15,,26-Sep-15,,29-Sep-15,,,13-Oct-15,,17-Nov-15,,21-Nov-15,,24-Nov-15,,1-Dec-15,,,8-Dec-15,,7,1,0
132,GEN.,GN,14,5,4.1.6,GEN.,Close,TELEPHONE BILLS,9203.00,,"690,411",0 ,"690,411","690,411","690,411.00","36,080.00 ","654,331.00 ",0.00 ,0\%," 36,080.00 ",0.00 ,0.00\%,0.00 ,0\%,,,,N,\#REF!,5-Sep-15,36,,0,12-Sep-15,,26-Sep-15,,29-Sep-15,,,13-Oct-15,,17-Nov-15,,21-Nov-15,,24-Nov-15,,1-Dec-15,,,8-Dec-15,,7,1,0
133,GEN.,GN,14,5,4.1.7,GEN.,Close,WATER AND ELRICITY FOR OFFICE,9204.00,,"513,562",0 ,"513,562","513,562","513,562.00",0.00 ,"513,562.00 ","4,885.00 ",0.0," (4,885.00)",0.00 ,0.00\%,0.00 ,0\%,,,,N,\#REF!,5-Sep-15,36,,0,12-Sep-15,,26-Sep-15,,29-Sep-15,,,13-Oct-15,,17-Nov-15,,21-Nov-15,,24-Nov-15,,1-Dec-15,,,8-Dec-15,,7,1,0
134,GEN.,GN,14,5,4.1.8,GEN.,Close,OFFICE RENT \& STORES,9205.00,,"2,160,000",0 ,"2,160,000","2,160,000","2,660,000.00",0.00 ,"2,660,000.00 ","12,067.50 ",0.0," (12,067.50)",0.00 ,0.00\%,"-500,000.00 ",-23\%,,,,N,\#REF!,5-Sep-15,36,,0,12-Sep-15,,26-Sep-15,,29-Sep-15,,,13-Oct-15,,17-Nov-15,,21-Nov-15,,24-Nov-15,,1-Dec-15,,,8-Dec-15,,7,1,0
135,GEN.,GN,14,5,4.1.9,GEN.,Close,OFFICE CONSUMABLES ,9206.00,,"236,121",0 ,"236,121","236,121","336,121.00","10,490.00 ","325,631.00 ","5,880.00 ",56\%," 4,610.00 ",0.00 ,0.00\%,"-100,000.00 ",-42\%,,,,N,\#REF!,5-Sep-15,36,,0,12-Sep-15,,26-Sep-15,,29-Sep-15,,,13-Oct-15,,17-Nov-15,,21-Nov-15,,24-Nov-15,,1-Dec-15,,,8-Dec-15,,7,1,0
136,GEN.,GN,14,5,4.1.10,GEN.,Close,PERSONAL PROTECTION EQUIPMENT (PPE),9300.00,,"1,419,980",0 ,"1,419,980","627,436","1,313,981.00","1,383,853.76 ","-69,872.76 ","1,095,924.79 ",79\%," 287,928.97 ","792,543.60 ",55.81\%,"105,999.00 ",7\%,IESCO,VARIOUS,,N,\#REF!,5-Sep-15,36,,0,12-Sep-15,20-Oct-15,26-Sep-15,28-Oct-15,29-Sep-15,29-Oct-15,,13-Oct-15,,17-Nov-15,,21-Nov-15,,24-Nov-15,,8-Dec-15,,,15-Dec-15,,14,2,0
137,GEN.,GN,14,5,4.1.11,GEN.,Close,PRINTING \& STATIONERY,9400.00,,"540,000",0 ,"540,000","540,000","1,078,779.97","661,336.14 ","417,443.83 ","600,213.90 ",91\%," 61,122.24 ",0.00 ,0.00\%,"-538,779.97 ",-100\%,,,,N,\#REF!,5-Sep-15,36,,0,12-Sep-15,,26-Sep-15,,29-Sep-15,,,13-Oct-15,,17-Nov-15,,21-Nov-15,,24-Nov-15,,1-Dec-15,,,8-Dec-15,,7,1,0
138,GEN.,GN,14,5,4.1.12,GEN.,Close,POSTAGE \& COURIER SERVICES,9401.00,,"28,767",0 ,"28,767","28,767","28,767.00","3,954.00 ","24,813.00 ",0.00 ,0\%," 3,954.00 ",0.00 ,0.00\%,0.00 ,0\%,,,,N,\#REF!,5-Sep-15,36,,0,12-Sep-15,,26-Sep-15,,29-Sep-15,,,13-Oct-15,,17-Nov-15,,21-Nov-15,,24-Nov-15,,1-Dec-15,,,8-Dec-15,,7,1,0
139,GEN.,GN,14,5,4.1.13,GEN.,Close,TOOLS \& INSTRUMENTS,9500.10,,"2,000,000","1,500,000 ","3,500,000","3,500,000","3,888,312.00","3,263,707.65 ","624,604.35 ","4,838,967.70 ",148\%," (1,575,260.05)",0.00 ,0.00\%,"-388,312.00 ",-11\%,,,,N,\#REF!,3-Oct-15,40,,0,10-Oct-15,,24-Oct-15,,27-Oct-15,,,10-Nov-15,,15-Dec-15,,19-Dec-15,,22-Dec-15,,2-Feb-16,,,9-Feb-16,,42,6,0
140,GEN.,GN,14,5,4.1.14,GEN.,CLOSE,GEN. (9500.02),9500.20,,"345,205",0 ,"345,205",0,0.00,0.00 ,0.00 ,0.00 ,0.0, -   ,"345,205.00 ",100.00\%,"345,205.00 ",100\%,,,,N,\#REF!,3-Oct-15,40,,0,10-Oct-15,,24-Oct-15,,27-Oct-15,,,10-Nov-15,,15-Dec-15,,19-Dec-15,,22-Dec-15,,19-Jan-16,,,26-Jan-16,,28,4,0
141,GEN.,GN,14,5,4.1.14,GEN.,Close,CONSUMABLES,9601.00,,0,"3,000,000 ","3,000,000","3,000,000","2,829,930.72","2,901,926.39 ","-71,995.67 ","1,386,595.77 ",48\%," 1,515,330.62 ",0.00 ,0.00\%,"170,069.28 ",6\%,,,,N,\#REF!,3-Oct-15,40,,0,10-Oct-15,,24-Oct-15,,27-Oct-15,,,10-Nov-15,,15-Dec-15,,19-Dec-15,,22-Dec-15,,19-Jan-16,,,26-Jan-16,,28,4,0
142,GEN.,DS,14,3,4.1.21,Temp.Works,Pending,TEMPORARY WORKS - FUEL/POWER/WATER for T\&C,,,"7,500,000",0 ,"7,500,000","7,500,000","7,500,000.00",0.00 ,"3,000,000.00 ",,0.0, -   ,0.00 ,0.00\%,0.00 ,0\%,,,"Considered 1,500,000 for the Crane needs",N,\#REF!,3-Oct-15,40,,0,10-Oct-15,,24-Oct-15,,27-Oct-15,,,10-Nov-15,,15-Dec-15,,19-Dec-15,,22-Dec-15,,26-Jan-16,,,2-Feb-16,,35,4,1
,,,,,,,,,,,,,,,,,,,0.0, -   ,0.00 ,0.00 ,,,,,,,\#REF!,,,,,,,,,,,,,,,,,,,,,,,,,,,
F,SUBTOTAL ,,,,,,,SUBTOTAL MATERIALS \& INDIRECT,,,"18,658,560","4,792,000","23,450,560","21,189,156","26,496,458.64","13,817,654","12,678,805","8,382,371",0.0,"5,435,283","2,261,404",3,"-3,045,898",,,,,,\#REF!,,,,,,,,,,,,,,,,,,,,,,,,,,,
G,SUBTOTAL ,,,,,,,Subtotal for Materials  Base Scope,,,"270,562,713","35,989,484","306,552,197","204,784,587","309,035,520.36","281,365,405","27,670,116","215,385,261",0.0,"60,038,807","101,767,610",0.0,"-2,483,324",,,,,,\#REF!,,,,,,,,,,,,,,,,,,,,,,,,,,,
,CONTRACTS IN SCOPE,,,,,,,,,,,,,,,,,,0.0, -   ,,,,,,,,,\#REF!,,,,,,,,,,,,,,,,,,,,,,,,,,,
1,SUB-E,SF,5,2,1.5.4,SUB-EL,Pending,WIRES FOR AV \& SOUND SYSTEM,6226.00,,"82,450","-82,450 ",0,0,0.00,0.00 ,0.00 ,0.00 ,0.0, -   ,0.00 ,0.00\%,0.00 ,0\%,,,,N,\#REF!,6-Dec-15,50,,0,13-Dec-15,,27-Dec-15,,30-Dec-15,,,13-Jan-16,,17-Feb-16,,21-Feb-16,,24-Feb-16,,18-May-16,,,25-May-16,,84,8,4
2,SUB-E,TF,5,2,1.5.5,SUB-EL,Close,CONTROL CABLES FOR BMS,6270.20,,"255,000","-255,000 ",0,0,0.00,"1,283.00 ","-1,283.00 ","538,407.05 ",41965\%," (537,124.05)",0.00 ,0.00\%,0.00 ,0\%,JC,JC,INCLUDED IN BMS,N,\#REF!,6-Dec-15,50,,0,13-Dec-15,,27-Dec-15,,30-Dec-15,,,13-Jan-16,,17-Feb-16,,21-Feb-16,,24-Feb-16,,18-May-16,,,25-May-16,,84,8,4
3,SUB-E,TF,5,2,1.5.6,SUB-EL,Pending,CONTROL CABLES FOR PMS,6270.30,,"157,675","-157,675 ",0,0,0.00,0.00 ,0.00 ,0.00 ,0.0, -   ,0.00 ,0.00\%,0.00 ,0\%,,,,N,\#REF!,6-Dec-15,50,,0,13-Dec-15,,27-Dec-15,,30-Dec-15,,,13-Jan-16,,17-Feb-16,,21-Feb-16,,24-Feb-16,,18-May-16,,,25-May-16,,84,8,4
4,SUB-E,TF,5,2,1.5.7,SUB-EL,Pending,CONTROL CABLES FOR SMATV,6270.40,,"12,529","-12,529 ",0,0,0.00,0.00 ,0.00 ,"289,700.43 ",0.0," (289,700.43)",0.00 ,0.00\%,0.00 ,0\%,,,,N,\#REF!,6-Dec-15,50,,0,13-Dec-15,,27-Dec-15,,30-Dec-15,,,13-Jan-16,,17-Feb-16,,21-Feb-16,,24-Feb-16,,18-May-16,,,25-May-16,,84,8,4
5,SUB-E,TF,5,2,1.5.8,SUB-EL,Pending,CONTROL CABLES FOR VIDEO PHONE ,6270.50,,"68,075","-68,075 ",0,0,0.00,0.00 ,0.00 ,0.00 ,0.0, -   ,0.00 ,0.00\%,-0.20 ,100\%,,,,N,\#REF!,6-Dec-15,50,,0,13-Dec-15,,27-Dec-15,,30-Dec-15,,,13-Jan-16,,17-Feb-16,,21-Feb-16,,24-Feb-16,,18-May-16,,,25-May-16,,84,8,4
6,SUB-E,TF,5,2,1.5.9,SUB-EL,Close,CENTRAL BATTERY SYSTEM,6433.00,,"5,520,000",0 ,"5,520,000","5,520,000","5,520,000.00","2,489,835.15 ","3,030,164.85 ","315,000.00 ",13\%," 2,174,835.15 ",0.00 ,0.00\%,0.00 ,0\%,GULF LIGHTS,EMERGILITE,"Including - VO 9,236,052  for Ni-Cad BU-001",N,\#REF!,29-Apr-16,18,21-May-16,21,6-May-16,21-May-16,20-May-16,19-Jun-16,23-May-16,23-Jun-16,,6-Jun-16,,11-Jul-16,,15-Jul-16,,18-Jul-16,,14-Nov-16,,,21-Nov-16,,119,12,5
7,SUB-E,TF,5,2,1.5.10,SUB-EL,Pending,DIMING CONTROL SYSTEM,6445.00,,"552,000",0 ,"552,000","552,000","552,000.00",0.00 ,"552,000.00 ",0.00 ,0.0, -   ,0.00 ,0.00\%,0.00 ,0\%,,,,N,\#REF!,29-Apr-16,18,,0,6-May-16,,20-May-16,,23-May-16,,,6-Jun-16,,11-Jul-16,,15-Jul-16,,18-Jul-16,,14-Nov-16,,,21-Nov-16,,119,12,5
8,SUB-E,TF,5,2,1.5.1,SUB-EL,Close,BUILDING MANAGEMENT SYSTEM,5160,,"10,000,000",,"10,000,000","9,980,000","9,980,000","10,300,000.00 ","-320,000.00 ",0.00 ,0\%," 10,300,000.00 ","20,000.00 ",0.20\%,"20,000.00 ",0\%,,,,,,,,,,,,,,,,,,,,,,,,,,,,,,,,
8,SUB-E,TF,5,2,1.5.11,SUB-EL,Close,FIRE ALARM \& PAVE SYSTEM,6501.00,,"12,450,111",0 ,"12,450,111","16,504,484","16,704,484.00","16,250,000.00 ","454,484.00 ","9,196,454.62 ",57\%," 7,053,545.38 ","-4,054,372.80 ",-32.56\%,"-4,254,372.80 ",-34\%,CESCO,EDWARDS,INCLUDING CABLING,N,\#REF!,3-Jun-16,23,15-Oct-15,42,10-Jun-16,30-Oct-15,24-Jun-16,20-Jan-16,27-Jun-16,24-Apr-16,,11-Jul-16,9-May-16,15-Aug-16,18-May-16,19-Aug-16,,22-Aug-16,,14-Nov-16,,,21-Nov-16,,84,8,4
,,,,,,,,Variation Costs ,,,,"1,000,000 ","1,000,000","1,000,000","1,000,000.00",0.00 ,"1,000,000.00 ","9,196,454.62 ",0.0," (9,196,454.62)",0.00 ,0.00\%,0.00 ,,,,,,,,,,,,,,,,,,,,,,,,,,,,,,,,,
9,SUB-E,TF,5,2,1.5.12,SUB-EL,Close,STRUCTURED CABLING SYSTEM,6507.00,,"17,298,763",0 ,0,0,"17,298,763.00","16,055,025.15 ",0.00 ,0.00 ,0\%," 16,055,025.15 ",0.00 ,0.00\%,"-17,298,763.00 ",0\%,,,,N,\#REF!,24-Oct-15,43,,0,31-Oct-15,,14-Nov-15,,17-Nov-15,,,1-Dec-15,,5-Jan-16,,9-Jan-16,,12-Jan-16,,5-Apr-16,,,12-Apr-16,,84,8,4
10,SUB-E,TF,5,2,1.5.13,SUB-EL,Close,VIDEO PHONE SYSTEM,6525.00,,"1,737,360","-1,737,360 ",0,0,"1,737,360.00",0.00 ,"1,737,360.00 ",0.00 ,0.0, -   ,0.00 ,0.00\%,"-1,737,360.00 ",0\%,HANWHA/TECHWIN,FERMAX,,N,\#REF!,3-Jun-16,23,20-Apr-16,17,10-Jun-16,24-Apr-16,24-Jun-16,5-May-16,27-Jun-16,12-May-16,30-May-16,11-Jul-16,23-Jul-16,15-Aug-16,,19-Aug-16,,22-Aug-16,,14-Nov-16,,,21-Nov-16,,84,8,4
11,SUB-E,TF,5,2,1.5.14,SUB-EL,Pending,AUDIO VISUAL SYSTEM,6535.00,,"1,051,200","-1,051,200 ",0,0,"1,051,200.00",0.00 ,"1,051,200.00 ",0.00 ,0.0, -   ,0.00 ,0.00\%,"-1,051,200.00 ",0\%,,,,N,\#REF!,3-Jun-16,23,11-Jun-16,24,10-Jun-16,,24-Jun-16,,27-Jun-16,,,11-Jul-16,,15-Aug-16,,19-Aug-16,,22-Aug-16,,14-Nov-16,,,21-Nov-16,,84,8,4
12,SUB-E,TF,5,2,1.5.15,SUB-EL,Pending,SOUND SYSTEM,6535.10,,"1,075,200","-1,075,200 ",0,0,"1,075,200.00",0.00 ,"1,075,200.00 ",0.00 ,0.0, -   ,0.00 ,0.00\%,"-1,075,200.00 ",0\%,,,,N,\#REF!,3-Jun-16,23,29-Jun-16,27,10-Jun-16,,24-Jun-16,,27-Jun-16,,,11-Jul-16,,15-Aug-16,,19-Aug-16,,22-Aug-16,,14-Nov-16,,,21-Nov-16,,84,8,4
13,SUB-E,TF,5,2,1.5.16,SUB-EL,Pending,SMATV SYSTEM,6541.00,,"1,028,000","-1,028,000 ",0,0,"1,028,000.00","496,785.85 ","531,214.15 ",0.00 ,0\%," 496,785.85 ",0.00 ,0.00\%,"-1,028,000.00 ",0\%,,,,N,\#REF!,3-Jun-16,23,28-Jun-16,27,10-Jun-16,2-Jul-16,24-Jun-16,,27-Jun-16,,,11-Jul-16,,15-Aug-16,,19-Aug-16,,22-Aug-16,,14-Nov-16,,,21-Nov-16,,84,8,4
14,SUB-E,TF,5,2,1.5.17,SUB-EL,Pending,PARKING MANAGEMENT SYSTEM,6554.00,,"2,903,680","-2,903,680 ",0,0,"2,903,680.00",0.00 ,"2,903,680.00 ",0.00 ,0.0, -   ,0.00 ,0.00\%,"-2,903,680.00 ",0\%,,,,N,\#REF!,29-Apr-16,18,1-May-16,19,6-May-16,7-May-16,20-May-16,22-May-16,23-May-16,,,6-Jun-16,,11-Jul-16,,15-Jul-16,,18-Jul-16,,14-Nov-16,,,21-Nov-16,,119,12,5
15,SUB-E,TF,5,2,1.5.18,SUB-EL,Pending,LIGHTING CONTROL SYSTEM,6556.00,,"1,091,712","-500,000 ","591,712","400,000","500,000.00",0.00 ,"500,000.00 ",0.00 ,0.0, -   ,"191,712.00 ",32.40\%,"91,712.00 ",15\%,,,,N,\#REF!,3-Jun-16,23,,0,10-Jun-16,,24-Jun-16,,27-Jun-16,,,11-Jul-16,,15-Aug-16,,19-Aug-16,,22-Aug-16,,14-Nov-16,,,21-Nov-16,,84,8,4
16,SUB-E,LL,5,2,1.5.19,SUB-EL,Pending,DATA NETWORK EQUIPMENT - DNE,6579.00,,"22,784,000","-22,784,000 ",0,0,"-22,784,000.00","151,365.50 ","-22,935,365.50 ",0.00 ,0\%," 151,365.50 ",0.00 ,0.00\%,0.00 ,0\%,,,,N,\#REF!,2-Mar-16,10,,0,9-Mar-16,,23-Mar-16,,26-Mar-16,,,9-Apr-16,,14-May-16,,18-May-16,,21-May-16,,17-Sep-16,,,24-Sep-16,,119,12,5
17,SUB-E,SF,5,2,1.5.21,SUB-EL,Close,HV SWITCHGEAR \& CABLES INSTALLATION SUBCONTRACT,6202.00,,"1,604,304","100,000 ","1,704,304","1,663,001","1,663,001.00","2,400,000.00 ",0.00 ,0.00 ,0\%," 2,400,000.00 ","41,303.00 ",2.42\%,"41,303.00 ",2\%,MASTRO,MASTRO,,N,\#REF!,14-Apr-16,16,20-May-16,21,21-Apr-16,24-May-16,5-May-16,28-Jun-16,8-May-16,28-Jun-16,,22-May-16,,26-Jun-16,,30-Jun-16,,3-Jul-16,,25-Sep-16,,,2-Oct-16,,84,8,4
18,SUB-M,TF,10,3,2.5.4,SUB-M,Close,TESTING \& COMMISSIONING,9101,,"3,000,000",0 ,"3,000,000","1,395,000","2,395,000","2,520.00 ","2,392,480.00 ",0.00 ,0\%," 2,520.00 ","1,605,000.00 ",53.50\%,"605,000.00 ",20\%,,,,,,,,,,,,,,,,,,,,,,,,,,,,,,,,
,,,,,,,,,,,,,,,,0.00 ,,,,,,,,,,,,,,,,,,,,,,,,,,,,,,,,,,,,,,,,
19,SUB-M,TF,10,3,2.5.5,SUB-M,Close,O\&M MANUALS,9102.00,,"300,000",0 ,"300,000","350,000","350,000.00",0.00 ,"350,000.00 ",0.00 ,0.0, -   ,"-50,000.00 ",-16.67\%,"-50,000.00 ",-17\%,,,,,\#REF!,,,,,,,,,,,,,,,,,,,,,,,,,,,
20,SUB-M,SF,10,2,2.5.6,SUB-M,Close,COMMISSIONING MANAGEMENT ,9104.00,,"1,500,000",0 ,"1,500,000","2,928,000","2,928,000.00",0.00 ,"2,928,000.00 ",0.00 ,0.0, -   ,"-1,428,000.00 ",-95.20\%,"-1,428,000.00 ",-95\%,,,,,\#REF!,,,,,,,,,,,,,,,,,,,,,,,,,,,
21,SUB-M,LL,10,1,2.5.1,SUB-M,Close,FIRE FIGHTING,1000,,"55,997,606",0 ,"55,997,606","41,000,000","45,000,000","41,000,000.00 ","4,000,000.00 ","24,844,099.35 ",61\%," 16,155,900.65 ","14,997,606.25 ",26.78\%,"10,997,606.25 ",20\%,,,,,,,,,,,,,,,,,,,,,,,,,,,,,,,,
,,,,,,,,Cabinets,1000.00,,0,"3,004,183 ","3,004,183","3,004,183","3,004,183","3,004,183.00 ",0.00 ,0.00 ,0\%," 3,004,183.00 ",0.00 ,0.00\%,0.00 ,0\%,,,,,,,,,,,,,,,,,,,,,,,,,,,,,,,,
22,SUB-M,LL,10,1,2.5.2,SUB-M,Close,SOLAR HOT WATER SYSTEM,3040,,"2,117,452","-337,362 ","1,780,090","1,691,000","1,780,090","1,710,692.00 ","69,397.66 ",0.00 ,0\%," 1,710,692.00 ","89,089.66 ",5.00\%,0.00 ,0\%,,,,,,,,,,,,,,,,,,,,,,,,,,,,,,,,
23,SUB-M,LL,10,1,,,Close,FUEL SYSTEM,4060,,,0 ,0,,,"800,000.00 ","-800,000.00 ","354,937.25 ",44\%," 445,062.75 ",0.00 ,0.00\%,0.00 ,,,,,,,,,,,,,,,,,,,,,,,,,,,,,,,,,
24,SUB-M,LL,10,1,2.5.3,SUB-M,Pending,IRRIGATION SYSTEM C/W DESIGN,5827,,"2,836,072","-2,836,072 ",0,0,0,0.00 ,0.00 ,0.00 ,0.0, -   ,0.00 ,0.00\%,0.00 ,0\%,,,,,,,,,,,,,,,,,,,,,,,,,,,,,,,,
25,SUB-DES,DS,14,1,4.1.16,Design,Pending,"DESIGN FIRE LIFE SAFETY SYSTEM (FA,FF,SMOKE MNG.)",9702.00,,"1,500,000",0 ,"1,500,000","1,500,000",0.00,"140,024.00 ","-140,024.00 ",0.00 ,0\%," 140,024.00 ",0.00 ,0.00\%,"1,500,000.00 ",100\%,,,,,\#REF!,,,,,,,,,,,,,,,,,,,,,,,,,,,
26,SUB-DES,DS,14,1,4.1.17,Design,Close,DESIGN DEVELOPMENT - PROF. INDEMNITY,9703.00,,"5,250,000",0 ,"5,250,000","5,250","5,250,000.00","9,702,000.00 ","-4,452,000.00 ","9,091,697.20 ",94\%," 610,302.80 ","5,244,750.00 ",99.90\%,0.00 ,0\%,,,,,\#REF!,,,,,,,,,,,,,,,,,,,,,,,,,,,
27,SUB-DES,DS,14,2,4.1.18,Design,Close,DESIGN ACOUSTIC CONSULTANT,9704.00,,"1,500,000",0 ,"1,500,000","200,000","400,000.00","200,000.00 ","200,000.00 ","82,100.00 ",41\%," 117,900.00 ","1,300,000.00 ",86.67\%,"1,100,000.00 ",73\%,,,,,\#REF!,,,,,,,,,,,,,,,,,,,,,,,,,,,
28,GEN.,DS,14,2,4.1.19,Temp.Works,Pending,TEMPORARY WORKS - EDMS/ERMS,9705.00,,"1,000,000",0 ,"1,000,000","1,000,000","1,000,000.00","81,800.00 ","918,200.00 ",0.00 ,0\%," 81,800.00 ",0.00 ,0.00\%,0.00 ,0\%,,,,,\#REF!,,,,,,,,,,,,,,,,,,,,,,,,,,,
,,,,,,,,,,,,,,,,,,,,,,,,,,,,,\#REF!,,,,,,,,,,,,,,,,,,,,,,,,,,,
,,,,,,,,,,,,,,,,,,,,,,,,,,,,,\#REF!,,,,,,,,,,,,,,,,,,,,,,,,,,,
,,,,,,,,,,,,,,,,,,,,,,,,,,,,,\#REF!,,,,,,,,,,,,,,,,,,,,,,,,,,,
H,SUBTOTALS,,,,,,,Base Contract Subcontracts,,,"154,673,189","-30,724,420","106,650,006","88,692,918","100,336,960.66","104,785,514","-4,448,553","53,908,850.52 ",51\%," 50,876,663.13 ",,0.00 ,"6,313,045.25 ",,,,,,\#REF!,,,,,,,,,,,,,,,,,,,,,,,,,,,
I,SUBTOTALS  ,,,,,,,Base Contract Costs ,,,"425,235,902 ","5,265,064 ","413,202,203 ","293,477,505 ","409,372,481.02","386,150,918 ","23,221,563 ","269,294,111 ",0.0,"110,915,470 ","101,767,610 ",0.0,"3,829,721 ",0 ,,,,,\#REF!,,,,,,,,,,,,,,,,,,,,,,,,,,,
H,MATERIALS - PC RATES,,,,,,,,,,,,,,,,,,,,,,,,,,,,\#REF!,,,,,,,,,,,,,,,,,,,,,,,,,,,

1,PC-ELEC,TF,PCE,4,1.4.2,Other,Close,LIGHT FITTINGS (PC \& PS RATES),6401.00,,"108,935,060",0 ,"108,935,060","108,935,060","108,935,060.00","99,830,609.91 ","9,104,450.09 ","43,195,013.58 ",43\%," 56,635,596.33 ",0.00 ,0.00\%,0.00 ,0\%,,,,N,\#REF!,16-Apr-16,16,14-May-16,20,23-Apr-16,23-Apr-16,7-May-16,,10-May-16,,,24-May-16,,28-Jun-16,,2-Jul-16,,5-Jul-16,,25-Oct-16,,,1-Nov-16,,112,12,4
2,PC-ELEC,TF,PCE,3,1.4.6,Other,Close,WIRING ACCESSORIES (PC RATES),6800.10,,"11,815,190",0 ,"11,815,190","11,815,190","11,815,190.00","4,037,875.13 ","7,777,314.87 ","375,496.93 ",9\%," 3,662,378.20 ",0.00 ,0.00\%,0.00 ,0\%,,,,N,\#REF!,2-May-16,19,23-May-16,22,9-May-16,23-May-16,23-May-16,,26-May-16,,,9-Jun-16,,14-Jul-16,,18-Jul-16,,21-Jul-16,,13-Oct-16,,,20-Oct-16,,84,8,4
,,,,,,,,,,,,,,,,,0.00 ,,0.0, -   ,0.00 ,0.00 ,0.00 ,,,,,,\#REF!,,,,,,,,,,,,,,,,,,,,,,,,,,,
3,PC-PL,LL,PCM,3,3.1.1,Equipment,Close,SANITARY FIXTURES - PC RATES,20.10,,"32,311,810",0 ,"32,311,810","32,311,810","32,311,810.00","13,139,393.57 ","19,172,416.43 ","7,899,234.25 ",60\%," 5,240,159.32 ",0.00 ,0.00\%,0.00 ,0\%,,,,N,\#REF!,22-Jul-16,30,,0,29-Jul-16,,12-Aug-16,,15-Aug-16,,,29-Aug-16,,3-Oct-16,,7-Oct-16,,10-Oct-16,,30-Jan-17,,,6-Feb-17,,112,12,4
4,PC-PL,TF,PCM,4,3.1.3,Equipment,Close,SANITARY/BATHROOM ACCESSORIES - PC RATES,20.30,,"6,320,692",0 ,"6,320,692","6,320,692","6,320,692.00","990,282.10 ","5,330,409.90 ",0.00 ,0\%," 990,282.10 ",0.00 ,0.00\%,0.00 ,0\%,,,,N,\#REF!,22-Jul-16,30,,0,29-Jul-16,,12-Aug-16,,15-Aug-16,,,29-Aug-16,,3-Oct-16,,7-Oct-16,,10-Oct-16,,30-Jan-17,,,6-Feb-17,,112,12,4
5,PC-PL,TF,PCM,4,3.1.4,Equipment,Close,MIRRORS - PC RATES,20.40,,"4,185,618",0 ,"4,185,618","4,185,618",0.00,0.00 ,0.00 ,0.00 ,0.0, -   ,0.00 ,0.00\%,"4,185,618.00 ",100\%,,,,N,\#REF!,22-Jul-16,30,,0,29-Jul-16,,12-Aug-16,,15-Aug-16,,,29-Aug-16,,3-Oct-16,,7-Oct-16,,10-Oct-16,,30-Jan-17,,,6-Feb-17,,112,12,4
6,EL.,,,,,,,EL. DUCTS FOR TEC,6102.00,,,0 ,"274,304",,"274,203.69","274,203.69 ",0.00 ,,0\%," 274,203.69 ","274,303.69 ",100.00\%,100.00 ,,,,,,\#REF!,,,,,,,,,,,,,,,,,,,,,,,,,,,
7,,,,,,,,Others,,,0,0 ,0,,,,,,,,,,,,,,,,,,,,,,,,,,,,,,,,,,,,,,,,,,,
,,,,,,,,,,,,,,,,,,,,,,,,,,,,,,,,,,,,,,,,,,,,,,,,,,,,,,,,
J,SUBTOTALS H,,,,,,,Subtotal for Materials (PC \& PS Rates) ,,,"163,568,370",0,"163,842,674","163,568,370","159,656,956","118,272,364","41,384,591","51,469,745",0.0,"66,802,620","274,304",1,"4,185,718",,,,,,1,,,,,,,,,,,,,,,,,,,,,,,,,,,
,,,,,,,,,,,,,,,,,0.00 ,,0.0, -   ,0.00 ,0.00 ,0.00 ,,,,,,2,,,,,,,,,,,,,,,,,,,,,,,,,,,
SUBCONTRACTS - PROVISIONAL SUMS,,,,,,,,,,,,,,,,,,,,,,,,,,,,,2,,,,,,,,,,,,,,,,,,,,,,,,,,,
1,SUB-M,LL,PSM,1,,SUB-MEC,Close,WATER MIST SYSTEM,1003.00,,"2,168,037",0 ,"2,168,037","2,168,037","2,168,037.48","2,168,037.48 ",0.00 ,0.00 ,0\%," 2,168,037.48 ",0.00 ,0.00\%,0.00 ,0\%,,,,,\#REF!,,,,,,,,,,,,,,,,,,,,,,,,,,,
2,SUB-M,LL,PSM,1,,SUB-MEC,Close,LPG SYSTEM,4050.00,,"719,292",0 ,"719,292","719,292","719,292.00","719,292.00 ",0.00 ,"369,000.00 ",51\%," 350,292.00 ",0.00 ,0.00\%,0.00 ,0\%,,,,,\#REF!,,,,,,,,,,,,,,,,,,,,,,,,,,,
3,SUB-M,SF,,2,,SUB-MEC,,EXTERNAL WORKS,9999.00,,"2,847,990",0 ,"2,847,990","2,847,990","2,847,990.00","2,847,990.00 ",0.00 ,,0\%," 2,847,990.00 ",0.00 ,0.00 ,0.00 ,,,,,,\#REF!,,,,,,,,,,,,,,,,,,,,,,,,,,,
,,,,,,,,,,,,,,,,,,,0.0, -   ,0.00 ,0.00 ,,,,,,,\#REF!,,,,,,,,,,,,,,,,,,,,,,,,,,,
,,,,,,,,,,,,,,,,,0.00 ,,0.0, -   ,0.00 ,0.00 ,0.00 ,,,,,,\#REF!,,,,,,,,,,,,,,,,,,,,,,,,,,,
1,SUB-E,TF,PSE,2,,SUB-EL,Close,IP CCTV SECURITY SYSTEM,6558.00,,"35,400,000",0 ,"35,400,000","35,400,000","35,400,000.00","35,400,000.00 ",0.00 ,"5,466,195.81 ",15\%," 29,933,804.19 ",0.00 ,0.00\%,0.00 ,0\%,,,,,\#REF!,,,,,,,,,,,,,,,,,,,,,,,,,,,
K,SUBTOTALS,,,,,,,Subtotal Provisional Sums Subcontracts,,,"41,135,319",,"41,135,319","41,135,319","41,135,319.48","41,135,319",0,"5,835,196","35,300,124",0,0,0,0,0,,,,,\#REF!,,,,,,,,,,,,,,,,,,,,,,,,,,,
,,,,,,,,,,,,,,,,,,,,,,,,,,,,,\#REF!,,,,,,,,,,,,,,,,,,,,,,,,,,,
,,,,,,,,,,,,,,,,,,,,,,,,,,,,,\#REF!,,,,,,,,,,,,,,,,,,,,,,,,,,,
,SUBCONTRACTS - SMART SYSTEMS,,,,,,,,,,,,,,,,,,,,,,,,,,,,\#REF!,,,,,,,,,,,,,,,,,,,,,,,,,,,
1,SUB-SMR,,SMA,,,,,Compute and Virtualizatiom,13000.00,,"18,856,369",0 ,"18,856,369","18,856,369","18,856,369.00","18,856,369.00 ",0.00 ,,,,,,0.00 ,0\%,,,,,\#REF!,,,,,,,,,,,,,,,,,,,,,,,,,,,
2,SUB-SMR,,SMA,,,,,Aruba Lan,13010.00,,"13,243,131",0 ,"13,243,131","13,243,131","13,243,131.00","13,243,131.00 ",0.00 ,,0\%," 13,243,131.00 ",0.00 ,0.00\%,0.00 ,0\%,,,,,\#REF!,,,,,,,,,,,,,,,,,,,,,,,,,,,
3,SUB-SMR,,SMA,,,,,IT Storage,13020.00,,"12,202,191",0 ,"12,202,191","12,202,191","12,202,191.00","12,202,191.00 ",0.00 ,,0\%," 12,202,191.00 ",0.00 ,0.00\%,0.00 ,0\%,,,,,\#REF!,,,,,,,,,,,,,,,,,,,,,,,,,,,
4,SUB-SMR,,SMA,,,,,Acces Layer Networking,13030.00,,"14,667,901",0 ,"14,667,901","14,667,901","14,667,901.00","14,667,901.00 ",0.00 ,,0\%," 14,667,901.00 ",0.00 ,0.00\%,0.00 ,0\%,,,,,\#REF!,,,,,,,,,,,,,,,,,,,,,,,,,,,
5,SUB-SMR,,SMA,,,,,Data Center Facilities (Huawei),13040.00,,"5,600,000",0 ,"5,600,000","5,600,000","5,600,000.00","5,600,000.00 ",0.00 ,,0\%," 5,600,000.00 ",0.00 ,0.00\%,0.00 ,0\%,,,,,\#REF!,,,,,,,,,,,,,,,,,,,,,,,,,,,
6,SUB-SMR,,SMA,,,,,Data Center Facilities - CCTV (Huawei ),13040.00,,"803,000",0 ,"803,000","803,000","803,000.00","803,000.00 ",0.00 ,,0\%," 803,000.00 ",0.00 ,0.00\%,0.00 ,0\%,,,,,\#REF!,,,,,,,,,,,,,,,,,,,,,,,,,,,
7,SUB-SMR,,SMA,,,,,Core Switches and DC Switches,13050.00,,"23,172,491",0 ,"23,172,491","23,172,491","23,172,491.00","23,172,491.00 ",0.00 ,,0\%," 23,172,491.00 ",0.00 ,0.00 ,0.00 ,0\%,,,,,\#REF!,,,,,,,,,,,,,,,,,,,,,,,,,,,
8,SUB-SMR,,SMA,,,,,GPON Switches,13060.00,,0,0 ,0,0,0.00,0.00 ,0.00 ,,0.0, -   ,0.00 ,0.00\%,0.00 ,0\%,,,,,\#REF!,,,,,,,,,,,,,,,,,,,,,,,,,,,
9,SUB-SMR,,SMA,,,,,AV Conferencing* (Quote from Bond),13070.00,,"34,685,803",0 ,"34,685,803","34,685,803","34,685,803.00","34,685,803.00 ",0.00 ,,0\%," 34,685,803.00 ",0.00 ,0.00 ,0.00 ,0\%,,,,,\#REF!,,,,,,,,,,,,,,,,,,,,,,,,,,,
10,SUB-SMR,,SMA,,,,,Unified Communications,13080.00,,"6,718,317",0 ,"6,718,317","6,718,317","6,718,317.00","6,718,317.00 ",0.00 ,,0\%," 6,718,317.00 ",0.00 ,0.00 ,0.00 ,0\%,,,,,\#REF!,,,,,,,,,,,,,,,,,,,,,,,,,,,
11,SUB-SMR,,SMA,,,,,Access Control Front of House,13090.00,,"4,421,688",0 ,"4,421,688","4,421,688","4,421,688.00","4,421,688.00 ",0.00 ,,0\%," 4,421,688.00 ",0.00 ,0.00 ,0.00 ,0\%,,,,,\#REF!,,,,,,,,,,,,,,,,,,,,,,,,,,,
12,SUB-SMR,,SMA,,,,,Access Control Back of House,13090.00,,"9,994,991",0 ,"9,994,991","9,994,991","9,994,991.00","9,994,991.00 ",0.00 ,,0\%," 9,994,991.00 ",0.00 ,0.00 ,0.00 ,0\%,,,,,\#REF!,,,,,,,,,,,,,,,,,,,,,,,,,,,
13,SUB-SMR,,SMA,,,,,Car Park Management,14000.00,,"6,585,440",0 ,"6,585,440","6,585,440","6,585,440.00","6,585,440.00 ",0.00 ,,0\%," 6,585,440.00 ",0.00 ,0.00\%,0.00 ,0\%,,,,,\#REF!,,,,,,,,,,,,,,,,,,,,,,,,,,,
14,SUB-SMR,,SMA,,,,,Barricade System,14000.00,,"3,613,184",0 ,"3,613,184","3,613,184","3,613,184.00","3,613,184.00 ",0.00 ,,0\%," 3,613,184.00 ",0.00 ,0.00 ,0.00 ,0\%,,,,,\#REF!,,,,,,,,,,,,,,,,,,,,,,,,,,,
15,SUB-SMR,,SMA,,,,,Smart System Integration (Energy International),14010.00,,"17,685,144",0 ,"17,685,144","17,685,144","17,685,144.00","17,685,144.00 ",0.00 ,,0\%," 17,685,144.00 ",0.00 ,0.00 ,0.00 ,0\%,,,,,\#REF!,,,,,,,,,,,,,,,,,,,,,,,,,,,
16,SUB-SMR,,SMA,,,,,Guest Room Management (Energy International),14020.00,,"7,902,507",0 ,"7,902,507","7,902,507","7,902,507.00","7,902,507.00 ",0.00 ,,0\%," 7,902,507.00 ",0.00 ,0.00 ,0.00 ,0\%,,,,,\#REF!,,,,,,,,,,,,,,,,,,,,,,,,,,,
17,SUB-SMR,,SMA,,,,,Guest Room Management-Variation (Block A),14020.00,,"2,702,703",0 ,"2,702,703","2,702,703","2,702,703.00","2,702,703.00 ",0.00 ,,0\%," 2,702,703.00 ",0.00 ,0.00 ,0.00 ,0\%,,,,,\#REF!,,,,,,,,,,,,,,,,,,,,,,,,,,,
18,SUB-SMR,,SMA,,,,,BGM Systtem,14040.00,,"14,500,000",0 ,"14,500,000","14,500,000","14,500,000.00","14,500,000.00 ",0.00 ,,0\%," 14,500,000.00 ",0.00 ,0.00 ,0.00 ,0\%,,,,,\#REF!,,,,,,,,,,,,,,,,,,,,,,,,,,,
19,SUB-SMR,,SMA,,,,,Structure Cabling,15000.00,,"16,055,025",0 ,"16,055,025","16,055,025","16,055,025.00","16,055,025.00 ",0.00 ,,0\%," 16,055,025.00 ",0.00 ,0.00 ,0.00 ,0\%,,,,,\#REF!,,,,,,,,,,,,,,,,,,,,,,,,,,,
20,SUB-SMR,,SMA,,,,,Structure Cabling: Air Freight Charges,15000.00,,"11,250",0 ,"11,250","11,250","11,250.00","11,250.00 ",0.00 ,,0\%," 11,250.00 ",0.00 ,0.00 ,0.00 ,0\%,,,,,\#REF!,,,,,,,,,,,,,,,,,,,,,,,,,,,
21,SUB-SMR,,SMA,,,,,Structure Cabling: AECOM Offices,15000.00,,"28,800",0 ,"28,800","28,800","28,800.00","28,800.00 ",0.00 ,,0\%," 28,800.00 ",0.00 ,0.00 ,0.00 ,0\%,,,,,\#REF!,,,,,,,,,,,,,,,,,,,,,,,,,,,
22,SUB-SMR,,SMA,,,,,Structure Cabling: IDF Racks,15000.00,,"2,743,773",0 ,"2,743,773","2,743,773","2,743,773.00","2,743,773.00 ",0.00 ,,0\%," 2,743,773.00 ",0.00 ,0.00 ,0.00 ,0\%,,,,,\#REF!,,,,,,,,,,,,,,,,,,,,,,,,,,,
23,SUB-SMR,,SMA,,,,,EPON Backbone - VO.No.4,15000.00,,"1,787,774",0 ,"1,787,774","1,787,774","1,787,774.00","1,787,774.00 ",0.00 ,,0\%," 1,787,774.00 ",0.00 ,0.00 ,0.00 ,0\%,,,,,\#REF!,,,,,,,,,,,,,,,,,,,,,,,,,,,
24,SUB-SMR,,SMA,,,,,Structure Cabling: VO.No.5,15000.00,,"2,500,000",0 ,"2,500,000","2,500,000","2,500,000.00","2,500,000.00 ",0.00 ,,0\%," 2,500,000.00 ",0.00 ,0.00 ,0.00 ,0\%,,,,,\#REF!,,,,,,,,,,,,,,,,,,,,,,,,,,,
25,SUB-SMR,,SMA,,,,,Data Center MEP: UPS,16000.00,,"5,500,000",0 ,"5,500,000","5,500,000","5,500,000.00","5,500,000.00 ",0.00 ,,0\%," 5,500,000.00 ",0.00 ,0.00 ,0.00 ,0\%,,,,,\#REF!,,,,,,,,,,,,,,,,,,,,,,,,,,,
26,SUB-SMR,,SMA,,,,,Data Center MEP:  CRAC Units,16000.10,,"1,500,000",0 ,"1,500,000","1,500,000","1,500,000.00","1,500,000.00 ",0.00 ,,0\%," 1,500,000.00 ",0.00 ,0.00 ,0.00 ,0\%,,,,,\#REF!,,,,,,,,,,,,,,,,,,,,,,,,,,,
27,SUB-SMR,,SMA,,,,,Data Center MEP: Line items,16000.20,,"300,000",0 ,"300,000","300,000","300,000.00","300,000.00 ",0.00 ,,0\%," 300,000.00 ",0.00 ,0.00 ,0.00 ,0\%,,,,,\#REF!,,,,,,,,,,,,,,,,,,,,,,,,,,,
28,SUB-SMR,,SMA,,,,,Data Center MEP: Lights,16000.20,,"200,000",0 ,"200,000","200,000","200,000.00","200,000.00 ",0.00 ,,0\%," 200,000.00 ",0.00 ,0.00 ,0.00 ,0\%,,,,,\#REF!,,,,,,,,,,,,,,,,,,,,,,,,,,,
29,SUB-SMR,,SMA,,,,,Data Center MEP: Panels,16000.30,,"450,000",0 ,"450,000","450,000","450,000.00","450,000.00 ",0.00 ,,0\%," 450,000.00 ",0.00 ,0.00 ,0.00 ,0\%,,,,,\#REF!,,,,,,,,,,,,,,,,,,,,,,,,,,,
30,SUB-SMR,,SMA,,,,,Software*,17000.00,,"11,000,000",0 ,"11,000,000","11,000,000","11,000,000.00",0.00 ,"11,000,000.00 ",,0.0, -   ,0.00 ,0.00 ,0.00 ,0\%,,,,,\#REF!,,,,,,,,,,,,,,,,,,,,,,,,,,,
31,SUB-SMR,,SMA,,,,,EL. Cabes,18000.00,,"700,000",0 ,"700,000","700,000","700,000.00",0.00 ,"700,000.00 ",,0.0, -   ,0.00 ,0.00 ,0.00 ,0\%,,,,,\#REF!,,,,,,,,,,,,,,,,,,,,,,,,,,,
32,SUB-SMR,,SMA,,,,,EL. Containment,18000.10,,"2,500,000",0 ,"2,500,000","2,500,000","2,500,000.00",0.00 ,"2,500,000.00 ",0.00 ,0.0, -   ,0.00 ,0.00\%,0.00 ,0\%,,,,,\#REF!,,,,,,,,,,,,,,,,,,,,,,,,,,,
33,SUB-SMR,,SMA,,,,,MCR Room,18000.10,,"7,000,000",0 ,"7,000,000","7,000,000","7,000,000.00",0.00 ,"7,000,000.00 ",0.00 ,0.0, -   ,0.00 ,0.00\%,0.00 ,0\%,,,,,,,,,,,,,,,,,,,,,,,,,,,,,,,,
L,SUBTOTAL J,,,,,,,Subtotal Smart Systems,,,"249,631,482",0,"249,631,482","249,631,482","249,631,482","228,431,482","21,200,000",0,0.0,"209,575,113",0,0,0,,,,,,\#REF!,,,,,,,,,,,,,,,,,,,,,,,,,,,
,,,,,,,,,,,,,,,,,,,0.0, -   ,0.00 ,0.00 ,,,,,,,\#REF!,,,,,,,,,,,,,,,,,,,,,,,,,,,
G, TEC-VARIATION \& PROVISIONAL COSTS,,,,,,,,,,,,,,,,,,0.0, -   ,0.00 ,0.00 ,,,,,,,\#REF!,,,,,,,,,,,,,,,,,,,,,,,,,,,
1,TEC-PS,,TEC,,,,,TEC - Provisional Costs,,,"45,000,000",0 ,"45,000,000","45,000,000","45,000,000.00",0.00 ,0.00 ,,0.0, -   ,0.00 ,0.00 ,0.00 ,,,,,,\#REF!,,,,,,,,,,,,,,,,,,,,,,,,,,,
2,,,TEC,,,,,Lights,,,,,,,,,0.00 ,,0.0, -   ,0.00 ,0.00 ,0.00 ,,,,,,\#REF!,,,,,,,,,,,,,,,,,,,,,,,,,,,
3,,,TEC,,,,,AV \& Signange,,,,,,,,,0.00 ,,0.0, -   ,0.00 ,0.00 ,0.00 ,,,,,,\#REF!,,,,,,,,,,,,,,,,,,,,,,,,,,,
4,TEC-ELEC-EQUIP,,TEC,,,,,TEC-Panels,,,"2,500,000",0 ,"2,500,000","2,500,000","2,500,000.00",0.00 ,"1,000,000.00 ",,0.0, -   ,0.00 ,0.00 ,0.00 ,,,,,,\#REF!,,,,,,,,,,,,,,,,,,,,,,,,,,,
5,TEC-ELEC-CABLE,,TEC,,,,,TEC-Cabling,,,"2,500,000",0 ,"2,500,000","2,500,000","2,500,000.00",0.00 ,"2,500,000.00 ",,0.0, -   ,0.00 ,0.00 ,0.00 ,,,,,,\#REF!,,,,,,,,,,,,,,,,,,,,,,,,,,,
6,TEC-ELEC-CONT,,TEC,,,,,TEC-Containment,,,"1,500,000",0 ,"1,500,000","1,500,000","1,500,000.00",0.00 ,"1,500,000.00 ",,0.0, -   ,0.00 ,0.00 ,0.00 ,,,,,,\#REF!,,,,,,,,,,,,,,,,,,,,,,,,,,,
7,TEC-FIRE,,TEC,,,,,TEC - Subcontractors,,,"3,000,000",0 ,"3,000,000","3,000,000","3,000,000.00",0.00 ,"3,000,000.00 ",,0.0, -   ,0.00 ,0.00 ,0.00 ,,,,,,\#REF!,,,,,,,,,,,,,,,,,,,,,,,,,,,
8,TEC-FIRE,,TEC,,,,,TEC - FM-200,,,"2,908,413",0 ,"2,908,413","2,908,413","2,908,413.00",0.00 ,"2,908,413.00 ",,0.0, -   ,0.00 ,0.00 ,0.00 ,,,,,,\#REF!,,,,,,,,,,,,,,,,,,,,,,,,,,,
9,TEC-SUB-ELV,,TEC,,,,,TEC Provisional Sums - Fire Alarm,,,"2,500,000",0 ,"2,500,000","2,500,000","2,500,000.00",0.00 ,"2,500,000.00 ",,0.0, -   ,0.00 ,0.00 ,0.00 ,,,,,,\#REF!,,,,,,,,,,,,,,,,,,,,,,,,,,,
10,PS-TEC-PLUM,,TEC,,,,,PREINSULATED PIPES FOR TEC,2041.00,,,0 ,0,0,0.00,0.00 ,0.00 ,,0.0, -   ,0.00 ,0.00 ,0.00 ,,,,,,\#REF!,,,,,,,,,,,,,,,,,,,,,,,,,,,
11,MECHANICAL,,TEC,,,,,AIR COMPRESSOR FOR TEC,5910.00,,,0 ,0,0,0.00,0.00 ,0.00 ,,0.0, -   ,0.00 ,0.00 ,0.00 ,,,,,,\#REF!,,,,,,,,,,,,,,,,,,,,,,,,,,,
12,TEC-MEC-EQUI,,TEC,,,,,AHUS,,,"1,000,000",0 ,"1,000,000","1,000,000","1,000,000.00",0.00 ,"1,000,000.00 ",,0.0, -   ,0.00 ,0.00 ,0.00 ,,,,,,\#REF!,,,,,,,,,,,,,,,,,,,,,,,,,,,
13,TEC-MECH-EUI,,TEC,,,,,FANS,,,"1,000,000",0 ,"1,000,000","1,000,000","1,000,000.00",0.00 ,"1,000,000.00 ",,0.0, -   ,0.00 ,0.00 ,0.00 ,,,,,,\#REF!,,,,,,,,,,,,,,,,,,,,,,,,,,,
,,,,,,,,,,,,,,,,,,,0.0, -   ,0.00 ,0.00 ,,,,,,,\#REF!,,,,,,,,,,,,,,,,,,,,,,,,,,,
,,,,,,,,,,,,,,,,,,,0.0, -   ,0.00 ,0.00 ,,,,,,,\#REF!,,,,,,,,,,,,,,,,,,,,,,,,,,,
H, A - VARIATION \& PROVISIONAL COSTS,,,,,,,,,,,,,,,,,,0.0, -   ,0.00 ,0.00 ,,,,,,,\#REF!,,,,,,,,,,,,,,,,,,,,,,,,,,,
1,CIN-COST,,TEC,,,,,To be analyzed further,,,"32,000,000",0 ,"32,000,000","32,000,000","32,000,000.00",0.00 ,"22,000,000.00 ",,0.0, -   ,0.00 ,0.00 ,0.00 ,,,,,,\#REF!,,,,,,,,,,,,,,,,,,,,,,,,,,,
,,,,,,,,,,,,,,,,,,,0.0, -   ,0.00 ,0.00 ,,,,,,,\#REF!,,,,,,,,,,,,,,,,,,,,,,,,,,,
,,,,,,,,,,,,,,,,,,,0.0, -   ,0.00 ,0.00 ,,,,,,,\#REF!,,,,,,,,,,,,,,,,,,,,,,,,,,,
,,,,,,,,,,,,,,,,,,,,,,,,,,,,,\#REF!,,,,,,,,,,,,,,,,,,,,,,,,,,,
H,SUBTOTAL K,,,,,,,Subtotal (TEC),,,"93,908,413",0,"93,908,413","93,908,413","93,908,413.00",0.00,"93,908,413.00 ",,0.0, -   ,0.00 ,0.00 ,0.00 ,,,,,,\#REF!,,,,,,,,,,,,,,,,,,,,,,,,,,,
,,,,,,,,,,,,,,,,,,,,,,,,,,,,,\#REF!,,,,,,,,,,,,,,,,,,,,,,,,,,,
I,GRAND TOTAL,,,,,,,GRAND TOTAL,,,"973,479,486","5,265,064","961,720,090","841,721,089","953,704,651","773,990,084","179,714,567","326,599,052",0.0,"387,293,203","102,041,913",0.0,"8,015,439",,,,,,\#REF!,,,,,,,,,,,,,,,,,,,,,,,,,,,
,,,,,,,,,,,,,,,,,,,,,,,,,,,,,,,,,,,,,,,,,,,,,,,,,,,,,,,,